ISO3,Country_Name,Year,HDI,Happiness_Score
AFG,Afghanistan,2007,0.426,n/a
AFG,Afghanistan,2008,0.431,3.723589897155762
AFG,Afghanistan,2009,0.441,4.401778221130371
AFG,Afghanistan,2010,0.449,4.758380889892578
AFG,Afghanistan,2011,0.457,3.831719160079956
AFG,Afghanistan,2012,0.467,3.782937526702881
AFG,Afghanistan,2013,0.475,3.572100400924683
AFG,Afghanistan,2014,0.48,3.130895614624023
AFG,Afghanistan,2015,0.479,3.982854604721069
AFG,Afghanistan,2016,0.483,4.220168590545654
AFG,Afghanistan,2017,0.485,2.661718130111694
AFG,Afghanistan,2018,0.486,2.694303274154663
AFG,Afghanistan,2019,0.492,2.375091791152954
AFG,Afghanistan,2020,0.488,n/a
AFG,Afghanistan,2021,0.473,2.436034440994263
AFG,Afghanistan,2022,0.462,1.28127110004425
ALB,Albania,2007,0.74,4.634251594543457
ALB,Albania,2008,0.747,n/a
ALB,Albania,2009,0.752,5.485469818115234
ALB,Albania,2010,0.766,5.268936634063721
ALB,Albania,2011,0.779,5.867421627044678
ALB,Albania,2012,0.789,5.510124206542969
ALB,Albania,2013,0.793,4.550647735595703
ALB,Albania,2014,0.797,4.81376314163208
ALB,Albania,2015,0.797,4.606650829315186
ALB,Albania,2016,0.795,4.511100769042969
ALB,Albania,2017,0.796,4.639548301696777
ALB,Albania,2018,0.797,5.004402637481689
ALB,Albania,2019,0.8,4.995317935943604
ALB,Albania,2020,0.784,5.364909648895264
ALB,Albania,2021,0.785,5.255481719970703
ALB,Albania,2022,0.789,5.212213039398193
ARE,United Arab Emirates,2007,0.825,n/a
ARE,United Arab Emirates,2008,0.827,n/a
ARE,United Arab Emirates,2009,0.825,6.866062641143799
ARE,United Arab Emirates,2010,0.828,7.097455501556396
ARE,United Arab Emirates,2011,0.835,7.118701457977295
ARE,United Arab Emirates,2012,0.841,7.217766761779785
ARE,United Arab Emirates,2013,0.847,6.620951175689697
ARE,United Arab Emirates,2014,0.853,6.539854526519775
ARE,United Arab Emirates,2015,0.86,6.568397521972656
ARE,United Arab Emirates,2016,0.866,6.830950260162354
ARE,United Arab Emirates,2017,0.898,7.039419651031494
ARE,United Arab Emirates,2018,0.917,6.603743553161621
ARE,United Arab Emirates,2019,0.933,6.710782527923584
ARE,United Arab Emirates,2020,0.93,6.458392143249512
ARE,United Arab Emirates,2021,0.931,6.733067512512207
ARE,United Arab Emirates,2022,0.937,6.737605571746826
ARG,Argentina,2007,0.817,6.073158264160156
ARG,Argentina,2008,0.825,5.961034297943115
ARG,Argentina,2009,0.827,6.42413330078125
ARG,Argentina,2010,0.834,6.441067218780518
ARG,Argentina,2011,0.842,6.775805473327637
ARG,Argentina,2012,0.844,6.468387126922607
ARG,Argentina,2013,0.846,6.582260131835938
ARG,Argentina,2014,0.847,6.671114444732666
ARG,Argentina,2015,0.85,6.697130680084229
ARG,Argentina,2016,0.848,6.427221298217773
ARG,Argentina,2017,0.853,6.039330005645752
ARG,Argentina,2018,0.852,5.792796611785889
ARG,Argentina,2019,0.853,6.08556079864502
ARG,Argentina,2020,0.841,5.900567054748535
ARG,Argentina,2021,0.844,5.908278942108154
ARG,Argentina,2022,0.849,6.260993480682373
ARM,Armenia,2007,0.73,4.881515502929688
ARM,Armenia,2008,0.733,4.65197229385376
ARM,Armenia,2009,0.732,4.177581787109375
ARM,Armenia,2010,0.739,4.36781120300293
ARM,Armenia,2011,0.743,4.260491371154785
ARM,Armenia,2012,0.751,4.319711685180664
ARM,Armenia,2013,0.757,4.277191162109375
ARM,Armenia,2014,0.764,4.453083038330078
ARM,Armenia,2015,0.769,4.348319530487061
ARM,Armenia,2016,0.773,4.325471878051758
ARM,Armenia,2017,0.775,4.287736415863037
ARM,Armenia,2018,0.781,5.062448501586914
ARM,Armenia,2019,0.789,5.488086700439453
ARM,Armenia,2020,0.769,n/a
ARM,Armenia,2021,0.774,5.300568580627441
ARM,Armenia,2022,0.786,5.381942749023438
AUS,Australia,2007,0.916,7.285390853881836
AUS,Australia,2008,0.92,7.253757476806641
AUS,Australia,2009,0.922,n/a
AUS,Australia,2010,0.924,7.450047016143799
AUS,Australia,2011,0.927,7.405616283416748
AUS,Australia,2012,0.931,7.19558572769165
AUS,Australia,2013,0.929,7.364169120788574
AUS,Australia,2014,0.931,7.28855037689209
AUS,Australia,2015,0.933,7.309060573577881
AUS,Australia,2016,0.936,7.250080108642578
AUS,Australia,2017,0.937,7.25703763961792
AUS,Australia,2018,0.941,7.176993370056152
AUS,Australia,2019,0.941,7.233994960784912
AUS,Australia,2020,0.948,7.137367725372314
AUS,Australia,2021,0.949,7.111598968505859
AUS,Australia,2022,0.946,7.034696102142334
AUT,Austria,2007,0.896,n/a
AUT,Austria,2008,0.899,7.180953979492188
AUT,Austria,2009,0.898,n/a
AUT,Austria,2010,0.903,7.30267858505249
AUT,Austria,2011,0.907,7.470512866973877
AUT,Austria,2012,0.909,7.400688648223877
AUT,Austria,2013,0.907,7.498802661895752
AUT,Austria,2014,0.911,6.949999809265137
AUT,Austria,2015,0.91,7.076447010040283
AUT,Austria,2016,0.913,7.04807186126709
AUT,Austria,2017,0.914,7.293727874755859
AUT,Austria,2018,0.917,7.396001815795898
AUT,Austria,2019,0.92,7.195361137390137
AUT,Austria,2020,0.916,7.213489055633545
AUT,Austria,2021,0.92,7.079640865325928
AUT,Austria,2022,0.926,6.998997211456299
AZE,Azerbaijan,2007,0.714,4.568159580230713
AZE,Azerbaijan,2008,0.723,4.81718921661377
AZE,Azerbaijan,2009,0.729,4.57372522354126
AZE,Azerbaijan,2010,0.733,4.218610763549805
AZE,Azerbaijan,2011,0.735,4.680469512939453
AZE,Azerbaijan,2012,0.739,4.91077184677124
AZE,Azerbaijan,2013,0.745,5.481178283691406
AZE,Azerbaijan,2014,0.749,5.251530170440674
AZE,Azerbaijan,2015,0.751,5.146774768829346
AZE,Azerbaijan,2016,0.752,5.303894996643066
AZE,Azerbaijan,2017,0.754,5.152279376983643
AZE,Azerbaijan,2018,0.757,5.167995452880859
AZE,Azerbaijan,2019,0.762,5.173389434814453
AZE,Azerbaijan,2020,0.722,n/a
AZE,Azerbaijan,2021,0.738,n/a
AZE,Azerbaijan,2022,0.76,4.576281547546387
BEL,Belgium,2007,0.907,7.218839645385742
BEL,Belgium,2008,0.909,7.116590976715088
BEL,Belgium,2009,0.91,n/a
BEL,Belgium,2010,0.913,6.853514194488525
BEL,Belgium,2011,0.914,7.111363887786865
BEL,Belgium,2012,0.915,6.935122013092041
BEL,Belgium,2013,0.917,7.103661060333252
BEL,Belgium,2014,0.922,6.855329036712646
BEL,Belgium,2015,0.924,6.904219150543213
BEL,Belgium,2016,0.927,6.948936462402344
BEL,Belgium,2017,0.931,6.928347587585449
BEL,Belgium,2018,0.933,6.892171859741211
BEL,Belgium,2019,0.936,6.772138118743896
BEL,Belgium,2020,0.93,6.838760852813721
BEL,Belgium,2021,0.938,6.88175630569458
BEL,Belgium,2022,0.942,6.856874465942383
BEN,Benin,2007,0.464,n/a
BEN,Benin,2008,0.47,3.667139530181885
BEN,Benin,2009,0.475,n/a
BEN,Benin,2010,0.481,n/a
BEN,Benin,2011,0.486,3.870279550552368
BEN,Benin,2012,0.494,3.193468809127808
BEN,Benin,2013,0.503,3.479412794113159
BEN,Benin,2014,0.506,3.347419261932373
BEN,Benin,2015,0.509,3.624664306640625
BEN,Benin,2016,0.508,4.007357597351074
BEN,Benin,2017,0.505,4.853180885314941
BEN,Benin,2018,0.506,5.819827079772949
BEN,Benin,2019,0.506,4.97636079788208
BEN,Benin,2020,0.501,4.407745838165283
BEN,Benin,2021,0.502,4.493431091308594
BEN,Benin,2022,0.504,4.217325687408447
BFA,Burkina Faso,2007,0.339,4.017130374908447
BFA,Burkina Faso,2008,0.352,3.846438884735107
BFA,Burkina Faso,2009,0.362,n/a
BFA,Burkina Faso,2010,0.372,4.035560607910156
BFA,Burkina Faso,2011,0.383,4.785367488861084
BFA,Burkina Faso,2012,0.393,3.955008029937744
BFA,Burkina Faso,2013,0.399,3.325949668884277
BFA,Burkina Faso,2014,0.403,3.481347799301147
BFA,Burkina Faso,2015,0.413,4.418930053710938
BFA,Burkina Faso,2016,0.422,4.205634593963623
BFA,Burkina Faso,2017,0.432,4.646891117095947
BFA,Burkina Faso,2018,0.443,4.927236080169678
BFA,Burkina Faso,2019,0.446,4.740892887115479
BFA,Burkina Faso,2020,0.446,4.639639854431152
BFA,Burkina Faso,2021,0.445,4.63550853729248
BFA,Burkina Faso,2022,0.438,n/a
BGD,Bangladesh,2007,0.533,4.607322216033936
BGD,Bangladesh,2008,0.535,5.052278518676758
BGD,Bangladesh,2009,0.547,5.082851409912109
BGD,Bangladesh,2010,0.558,4.858481407165527
BGD,Bangladesh,2011,0.565,4.985649108886719
BGD,Bangladesh,2012,0.575,4.724443912506104
BGD,Bangladesh,2013,0.577,4.660161018371582
BGD,Bangladesh,2014,0.585,4.635564804077148
BGD,Bangladesh,2015,0.604,4.633473873138428
BGD,Bangladesh,2016,0.613,4.556140899658203
BGD,Bangladesh,2017,0.622,4.309771060943604
BGD,Bangladesh,2018,0.636,4.49921703338623
BGD,Bangladesh,2019,0.646,5.114216804504395
BGD,Bangladesh,2020,0.657,5.27998685836792
BGD,Bangladesh,2021,0.662,4.123318672180176
BGD,Bangladesh,2022,0.67,3.407532215118408
BGR,Bulgaria,2007,0.776,3.843797922134399
BGR,Bulgaria,2008,0.782,n/a
BGR,Bulgaria,2009,0.784,n/a
BGR,Bulgaria,2010,0.79,3.912276268005371
BGR,Bulgaria,2011,0.794,3.875382423400879
BGR,Bulgaria,2012,0.798,4.222297191619873
BGR,Bulgaria,2013,0.804,3.993020534515381
BGR,Bulgaria,2014,0.807,4.438439846038818
BGR,Bulgaria,2015,0.809,4.865401268005371
BGR,Bulgaria,2016,0.81,4.837560653686523
BGR,Bulgaria,2017,0.81,5.096901893615723
BGR,Bulgaria,2018,0.811,5.098813533782959
BGR,Bulgaria,2019,0.813,5.108438014984131
BGR,Bulgaria,2020,0.802,5.597723007202148
BGR,Bulgaria,2021,0.796,5.421693325042725
BGR,Bulgaria,2022,0.799,5.378348827362061
BIH,Bosnia and Herzegovina,2007,0.702,4.899806976318359
BIH,Bosnia and Herzegovina,2008,0.714,n/a
BIH,Bosnia and Herzegovina,2009,0.716,4.96347713470459
BIH,Bosnia and Herzegovina,2010,0.718,4.668517589569092
BIH,Bosnia and Herzegovina,2011,0.723,4.994670867919922
BIH,Bosnia and Herzegovina,2012,0.735,4.773144721984863
BIH,Bosnia and Herzegovina,2013,0.745,5.123664379119873
BIH,Bosnia and Herzegovina,2014,0.751,5.248954296112061
BIH,Bosnia and Herzegovina,2015,0.757,5.117177963256836
BIH,Bosnia and Herzegovina,2016,0.767,5.180865287780762
BIH,Bosnia and Herzegovina,2017,0.77,5.089902400970459
BIH,Bosnia and Herzegovina,2018,0.774,5.887401103973389
BIH,Bosnia and Herzegovina,2019,0.78,6.015522480010986
BIH,Bosnia and Herzegovina,2020,0.776,5.515816211700439
BIH,Bosnia and Herzegovina,2021,0.776,5.748823165893555
BIH,Bosnia and Herzegovina,2022,0.779,5.872055053710938
BLR,Belarus,2007,0.772,5.616976261138916
BLR,Belarus,2008,0.782,5.463332176208496
BLR,Belarus,2009,0.784,5.564131259918213
BLR,Belarus,2010,0.79,5.525923252105713
BLR,Belarus,2011,0.798,5.225307941436768
BLR,Belarus,2012,0.805,5.749043464660645
BLR,Belarus,2013,0.806,5.876466274261475
BLR,Belarus,2014,0.81,5.812400817871094
BLR,Belarus,2015,0.809,5.718907833099365
BLR,Belarus,2016,0.809,5.177899360656738
BLR,Belarus,2017,0.811,5.552915096282959
BLR,Belarus,2018,0.812,5.23376989364624
BLR,Belarus,2019,0.81,5.821453094482422
BLR,Belarus,2020,0.8,n/a
BLR,Belarus,2021,0.801,n/a
BLR,Belarus,2022,0.801,n/a
BOL,Bolivia,2007,0.644,5.628419399261475
BOL,Bolivia,2008,0.651,5.297872543334961
BOL,Bolivia,2009,0.657,6.085579395294189
BOL,Bolivia,2010,0.661,5.780620098114014
BOL,Bolivia,2011,0.667,5.778874397277832
BOL,Bolivia,2012,0.673,6.018894672393799
BOL,Bolivia,2013,0.681,5.767428874969482
BOL,Bolivia,2014,0.683,5.864798545837402
BOL,Bolivia,2015,0.688,5.834329128265381
BOL,Bolivia,2016,0.7,5.769723415374756
BOL,Bolivia,2017,0.707,5.650552749633789
BOL,Bolivia,2018,0.712,5.91573429107666
BOL,Bolivia,2019,0.715,5.674270629882812
BOL,Bolivia,2020,0.691,5.559258937835693
BOL,Bolivia,2021,0.691,5.568624019622803
BOL,Bolivia,2022,0.698,5.928882122039795
BRA,Brazil,2007,0.708,6.320672988891602
BRA,Brazil,2008,0.714,6.69142484664917
BRA,Brazil,2009,0.717,7.000831604003906
BRA,Brazil,2010,0.722,6.837331295013428
BRA,Brazil,2011,0.727,7.037816524505615
BRA,Brazil,2012,0.732,6.660003662109375
BRA,Brazil,2013,0.75,7.14028263092041
BRA,Brazil,2014,0.753,6.980998992919922
BRA,Brazil,2015,0.752,6.546896934509277
BRA,Brazil,2016,0.753,6.374817371368408
BRA,Brazil,2017,0.758,6.332929134368896
BRA,Brazil,2018,0.762,6.190921783447266
BRA,Brazil,2019,0.764,6.451148986816406
BRA,Brazil,2020,0.758,6.109717845916748
BRA,Brazil,2021,0.756,6.009953498840332
BRA,Brazil,2022,0.76,6.257079601287842
BWA,Botswana,2007,0.629,n/a
BWA,Botswana,2008,0.637,5.451147079467773
BWA,Botswana,2009,0.639,n/a
BWA,Botswana,2010,0.652,3.553020238876343
BWA,Botswana,2011,0.66,3.519921064376831
BWA,Botswana,2012,0.664,4.835938930511475
BWA,Botswana,2013,0.676,4.128298759460449
BWA,Botswana,2014,0.683,4.031197071075439
BWA,Botswana,2015,0.688,3.761964797973633
BWA,Botswana,2016,0.697,3.498936653137207
BWA,Botswana,2017,0.705,3.504881143569946
BWA,Botswana,2018,0.7,3.461365699768066
BWA,Botswana,2019,0.703,3.471084833145142
BWA,Botswana,2020,0.701,n/a
BWA,Botswana,2021,0.68,n/a
BWA,Botswana,2022,0.708,3.435275077819824
CAN,Canada,2007,0.907,7.481752872467041
CAN,Canada,2008,0.909,7.485603809356689
CAN,Canada,2009,0.91,7.487824440002441
CAN,Canada,2010,0.911,7.650346279144287
CAN,Canada,2011,0.914,7.426053524017334
CAN,Canada,2012,0.921,7.415144443511963
CAN,Canada,2013,0.923,7.593793869018555
CAN,Canada,2014,0.925,7.304257869720459
CAN,Canada,2015,0.927,7.412772655487061
CAN,Canada,2016,0.928,7.244845867156982
CAN,Canada,2017,0.929,7.414868354797363
CAN,Canada,2018,0.93,7.175496578216553
CAN,Canada,2019,0.932,7.109076499938965
CAN,Canada,2020,0.928,7.024904727935791
CAN,Canada,2021,0.934,6.939435482025146
CAN,Canada,2022,0.935,6.917935371398926
CHL,Chile,2007,0.801,5.697929859161377
CHL,Chile,2008,0.812,5.789438724517822
CHL,Chile,2009,0.811,6.493686199188232
CHL,Chile,2010,0.813,6.635655879974365
CHL,Chile,2011,0.816,6.526334762573242
CHL,Chile,2012,0.824,6.599128723144531
CHL,Chile,2013,0.837,6.740153789520264
CHL,Chile,2014,0.841,6.84423828125
CHL,Chile,2015,0.846,6.532749652862549
CHL,Chile,2016,0.851,6.579056262969971
CHL,Chile,2017,0.854,6.320119380950928
CHL,Chile,2018,0.856,6.436220645904541
CHL,Chile,2019,0.859,5.94225025177002
CHL,Chile,2020,0.849,6.150642871856689
CHL,Chile,2021,0.856,6.435630798339844
CHL,Chile,2022,0.86,6.415198802947998
CHN,China,2007,0.668,4.862862110137939
CHN,China,2008,0.678,4.84629487991333
CHN,China,2009,0.689,4.454360961914062
CHN,China,2010,0.698,4.652736663818359
CHN,China,2011,0.706,5.03720760345459
CHN,China,2012,0.715,5.094917297363281
CHN,China,2013,0.723,5.241090297698975
CHN,China,2014,0.732,5.195619106292725
CHN,China,2015,0.741,5.303877830505371
CHN,China,2016,0.749,5.324955940246582
CHN,China,2017,0.757,5.099061489105225
CHN,China,2018,0.766,5.131433963775635
CHN,China,2019,0.775,5.144120216369629
CHN,China,2020,0.781,5.771064758300781
CHN,China,2021,0.785,5.86286449432373
CHN,China,2022,0.788,n/a
CMR,Cameroon,2007,0.472,4.349939346313477
CMR,Cameroon,2008,0.487,4.291800498962402
CMR,Cameroon,2009,0.502,4.741408348083496
CMR,Cameroon,2010,0.515,4.554256916046143
CMR,Cameroon,2011,0.524,4.433885097503662
CMR,Cameroon,2012,0.535,4.24463415145874
CMR,Cameroon,2013,0.544,4.271038055419922
CMR,Cameroon,2014,0.553,4.24044132232666
CMR,Cameroon,2015,0.562,5.037964820861816
CMR,Cameroon,2016,0.566,4.816232204437256
CMR,Cameroon,2017,0.574,5.074051380157471
CMR,Cameroon,2018,0.581,5.25073766708374
CMR,Cameroon,2019,0.586,4.936737537384033
CMR,Cameroon,2020,0.585,5.241077899932861
CMR,Cameroon,2021,0.581,4.962747573852539
CMR,Cameroon,2022,0.587,4.712408065795898
COG,"Congo, Rep.",2007,0.553,n/a
COG,"Congo, Rep.",2008,0.561,3.8197922706604
COG,"Congo, Rep.",2009,0.574,n/a
COG,"Congo, Rep.",2010,0.581,n/a
COG,"Congo, Rep.",2011,0.584,4.509824275970459
COG,"Congo, Rep.",2012,0.595,3.919341802597046
COG,"Congo, Rep.",2013,0.6,3.954950571060181
COG,"Congo, Rep.",2014,0.609,4.056012630462646
COG,"Congo, Rep.",2015,0.61,4.690830230712891
COG,"Congo, Rep.",2016,0.606,4.11949348449707
COG,"Congo, Rep.",2017,0.6,4.883991241455078
COG,"Congo, Rep.",2018,0.603,5.490214347839355
COG,"Congo, Rep.",2019,0.596,5.21262264251709
COG,"Congo, Rep.",2020,0.598,5.079139232635498
COG,"Congo, Rep.",2021,0.598,4.920531272888184
COG,"Congo, Rep.",2022,0.593,5.804918766021729
COL,Colombia,2007,0.715,6.138411521911621
COL,Colombia,2008,0.722,6.168395042419434
COL,Colombia,2009,0.728,6.271604537963867
COL,Colombia,2010,0.732,6.408113479614258
COL,Colombia,2011,0.738,6.463952541351318
COL,Colombia,2012,0.739,6.374879837036133
COL,Colombia,2013,0.75,6.606550693511963
COL,Colombia,2014,0.755,6.448789119720459
COL,Colombia,2015,0.758,6.387571811676025
COL,Colombia,2016,0.763,6.233715057373047
COL,Colombia,2017,0.765,6.157341957092285
COL,Colombia,2018,0.766,5.983512401580811
COL,Colombia,2019,0.768,6.350297927856445
COL,Colombia,2020,0.756,5.709175109863281
COL,Colombia,2021,0.752,5.289958477020264
COL,Colombia,2022,0.758,5.891712188720703
CRI,Costa Rica,2007,0.754,7.432132244110107
CRI,Costa Rica,2008,0.762,6.850679874420166
CRI,Costa Rica,2009,0.765,7.614928722381592
CRI,Costa Rica,2010,0.769,7.271053791046143
CRI,Costa Rica,2011,0.778,7.228888511657715
CRI,Costa Rica,2012,0.782,7.272250175476074
CRI,Costa Rica,2013,0.787,7.158000469207764
CRI,Costa Rica,2014,0.79,7.247086048126221
CRI,Costa Rica,2015,0.792,6.854004383087158
CRI,Costa Rica,2016,0.796,7.135617733001709
CRI,Costa Rica,2017,0.8,7.225181579589844
CRI,Costa Rica,2018,0.804,7.141074657440186
CRI,Costa Rica,2019,0.811,6.997618675231934
CRI,Costa Rica,2020,0.811,6.338472366333008
CRI,Costa Rica,2021,0.804,6.408448219299316
CRI,Costa Rica,2022,0.806,7.076658248901367
CYP,Cyprus,2007,0.845,n/a
CYP,Cyprus,2008,0.853,n/a
CYP,Cyprus,2009,0.857,6.83347749710083
CYP,Cyprus,2010,0.859,6.38654613494873
CYP,Cyprus,2011,0.863,6.689608573913574
CYP,Cyprus,2012,0.862,6.180507183074951
CYP,Cyprus,2013,0.863,5.438952445983887
CYP,Cyprus,2014,0.867,5.627123832702637
CYP,Cyprus,2015,0.874,5.43916130065918
CYP,Cyprus,2016,0.881,5.794618606567383
CYP,Cyprus,2017,0.891,6.062051296234131
CYP,Cyprus,2018,0.896,6.276443004608154
CYP,Cyprus,2019,0.901,6.136832714080811
CYP,Cyprus,2020,0.9,6.259810447692871
CYP,Cyprus,2021,0.901,6.26920223236084
CYP,Cyprus,2022,0.907,5.86475658416748
CZE,Czechia,2007,0.862,6.500194072723389
CZE,Czechia,2008,0.865,n/a
CZE,Czechia,2009,0.866,n/a
CZE,Czechia,2010,0.872,6.249617576599121
CZE,Czechia,2011,0.876,6.331490993499756
CZE,Czechia,2012,0.878,6.334149360656738
CZE,Czechia,2013,0.884,6.69765567779541
CZE,Czechia,2014,0.889,6.483729839324951
CZE,Czechia,2015,0.891,6.608017444610596
CZE,Czechia,2016,0.894,6.735627174377441
CZE,Czechia,2017,0.896,6.789567947387695
CZE,Czechia,2018,0.893,7.034165382385254
CZE,Czechia,2019,0.896,n/a
CZE,Czechia,2020,0.891,6.897091388702393
CZE,Czechia,2021,0.891,6.942496776580811
CZE,Czechia,2022,0.895,6.695077419281006
DEU,Germany,2007,0.923,6.41681957244873
DEU,Germany,2008,0.926,6.521790027618408
DEU,Germany,2009,0.925,6.641493320465088
DEU,Germany,2010,0.929,6.724531173706055
DEU,Germany,2011,0.935,6.621312141418457
DEU,Germany,2012,0.937,6.702362060546875
DEU,Germany,2013,0.938,6.96512508392334
DEU,Germany,2014,0.942,6.984214305877686
DEU,Germany,2015,0.941,7.037137508392334
DEU,Germany,2016,0.941,6.873763084411621
DEU,Germany,2017,0.944,7.074324607849121
DEU,Germany,2018,0.946,7.118364334106445
DEU,Germany,2019,0.951,7.035472393035889
DEU,Germany,2020,0.948,7.311897754669189
DEU,Germany,2021,0.948,6.754523754119873
DEU,Germany,2022,0.95,6.608206748962402
DNK,Denmark,2007,0.912,7.834233283996582
DNK,Denmark,2008,0.915,7.970891952514648
DNK,Denmark,2009,0.909,7.683358669281006
DNK,Denmark,2010,0.913,7.770515441894531
DNK,Denmark,2011,0.927,7.78823184967041
DNK,Denmark,2012,0.931,7.519909381866455
DNK,Denmark,2013,0.933,7.588606834411621
DNK,Denmark,2014,0.932,7.507559299468994
DNK,Denmark,2015,0.936,7.514424800872803
DNK,Denmark,2016,0.943,7.557782649993896
DNK,Denmark,2017,0.944,7.59370231628418
DNK,Denmark,2018,0.942,7.648785591125488
DNK,Denmark,2019,0.946,7.693003177642822
DNK,Denmark,2020,0.946,7.514631271362305
DNK,Denmark,2021,0.947,7.698747158050537
DNK,Denmark,2022,0.952,7.544964790344238
DOM,Dominican Republic,2007,0.692,5.081305980682373
DOM,Dominican Republic,2008,0.697,4.842305660247803
DOM,Dominican Republic,2009,0.701,5.431613922119141
DOM,Dominican Republic,2010,0.707,4.735021114349365
DOM,Dominican Republic,2011,0.712,5.396535396575928
DOM,Dominican Republic,2012,0.718,4.753311157226562
DOM,Dominican Republic,2013,0.722,5.015515327453613
DOM,Dominican Republic,2014,0.728,5.387331962585449
DOM,Dominican Republic,2015,0.739,5.061862468719482
DOM,Dominican Republic,2016,0.759,5.238698482513428
DOM,Dominican Republic,2017,0.761,5.605202674865723
DOM,Dominican Republic,2018,0.763,5.433215618133545
DOM,Dominican Republic,2019,0.765,6.004237174987793
DOM,Dominican Republic,2020,0.76,5.168409824371338
DOM,Dominican Republic,2021,0.756,6.030537128448486
DOM,Dominican Republic,2022,0.766,5.518415927886963
ECU,Ecuador,2007,0.722,4.995875358581543
ECU,Ecuador,2008,0.728,5.296513080596924
ECU,Ecuador,2009,0.73,6.021803379058838
ECU,Ecuador,2010,0.736,5.838051319122314
ECU,Ecuador,2011,0.743,5.795088291168213
ECU,Ecuador,2012,0.75,5.960716247558594
ECU,Ecuador,2013,0.755,6.019206047058105
ECU,Ecuador,2014,0.759,5.945851802825928
ECU,Ecuador,2015,0.764,5.964075088500977
ECU,Ecuador,2016,0.761,6.115437507629395
ECU,Ecuador,2017,0.762,5.839518547058105
ECU,Ecuador,2018,0.761,6.128010272979736
ECU,Ecuador,2019,0.758,5.809131145477295
ECU,Ecuador,2020,0.734,5.354461669921875
ECU,Ecuador,2021,0.746,5.434872150421143
ECU,Ecuador,2022,0.765,5.887132167816162
EGY,"Egypt, Arab Rep.",2007,0.649,5.540510654449463
EGY,"Egypt, Arab Rep.",2008,0.656,4.631741046905518
EGY,"Egypt, Arab Rep.",2009,0.661,5.066164493560791
EGY,"Egypt, Arab Rep.",2010,0.667,4.66891622543335
EGY,"Egypt, Arab Rep.",2011,0.671,4.174158573150635
EGY,"Egypt, Arab Rep.",2012,0.679,4.204156875610352
EGY,"Egypt, Arab Rep.",2013,0.684,3.558520317077637
EGY,"Egypt, Arab Rep.",2014,0.688,4.885072708129883
EGY,"Egypt, Arab Rep.",2015,0.695,4.762538433074951
EGY,"Egypt, Arab Rep.",2016,0.702,4.556740760803223
EGY,"Egypt, Arab Rep.",2017,0.709,3.929344177246094
EGY,"Egypt, Arab Rep.",2018,0.717,4.00545072555542
EGY,"Egypt, Arab Rep.",2019,0.724,4.327831745147705
EGY,"Egypt, Arab Rep.",2020,0.729,4.472396850585938
EGY,"Egypt, Arab Rep.",2021,0.726,4.025747776031494
EGY,"Egypt, Arab Rep.",2022,0.728,4.023561000823975
ESP,Spain,2007,0.857,6.994614601135254
ESP,Spain,2008,0.858,7.294472694396973
ESP,Spain,2009,0.86,6.198601245880127
ESP,Spain,2010,0.868,6.188262462615967
ESP,Spain,2011,0.873,6.518249034881592
ESP,Spain,2012,0.875,6.290690422058105
ESP,Spain,2013,0.88,6.150027275085449
ESP,Spain,2014,0.884,6.456477642059326
ESP,Spain,2015,0.889,6.380663394927979
ESP,Spain,2016,0.894,6.318612098693848
ESP,Spain,2017,0.896,6.230173110961914
ESP,Spain,2018,0.899,6.513370990753174
ESP,Spain,2019,0.904,6.457449436187744
ESP,Spain,2020,0.894,6.502175331115723
ESP,Spain,2021,0.904,6.469611167907715
ESP,Spain,2022,0.911,6.336902141571045
EST,Estonia,2007,0.859,5.332044124603271
EST,Estonia,2008,0.861,5.451937675476074
EST,Estonia,2009,0.859,5.137738704681396
EST,Estonia,2010,0.864,n/a
EST,Estonia,2011,0.873,5.486819744110107
EST,Estonia,2012,0.876,5.363927841186523
EST,Estonia,2013,0.881,5.367445945739746
EST,Estonia,2014,0.879,5.55598258972168
EST,Estonia,2015,0.883,5.628908634185791
EST,Estonia,2016,0.884,5.649675369262695
EST,Estonia,2017,0.886,5.938395977020264
EST,Estonia,2018,0.89,6.091302394866943
EST,Estonia,2019,0.893,6.034641265869141
EST,Estonia,2020,0.891,6.452563762664795
EST,Estonia,2021,0.89,6.553915500640869
EST,Estonia,2022,0.899,6.357114315032959
FIN,Finland,2007,0.911,n/a
FIN,Finland,2008,0.913,7.670626640319824
FIN,Finland,2009,0.908,n/a
FIN,Finland,2010,0.912,7.393264293670654
FIN,Finland,2011,0.916,7.354225158691406
FIN,Finland,2012,0.916,7.420209407806396
FIN,Finland,2013,0.926,7.44463586807251
FIN,Finland,2014,0.928,7.384571075439453
FIN,Finland,2015,0.93,7.447925567626953
FIN,Finland,2016,0.931,7.659843444824219
FIN,Finland,2017,0.934,7.788251876831055
FIN,Finland,2018,0.936,7.858107089996338
FIN,Finland,2019,0.939,7.78034782409668
FIN,Finland,2020,0.939,7.889349937438965
FIN,Finland,2021,0.941,7.79437780380249
FIN,Finland,2022,0.942,7.728998184204102
FRA,France,2007,0.876,n/a
FRA,France,2008,0.877,7.008064746856689
FRA,France,2009,0.875,6.283498287200928
FRA,France,2010,0.88,6.797901153564453
FRA,France,2011,0.884,6.959185123443604
FRA,France,2012,0.885,6.649365425109863
FRA,France,2013,0.888,6.667121410369873
FRA,France,2014,0.892,6.466867923736572
FRA,France,2015,0.893,6.357625007629395
FRA,France,2016,0.896,6.475208759307861
FRA,France,2017,0.899,6.635222434997559
FRA,France,2018,0.903,6.665903568267822
FRA,France,2019,0.905,6.689644336700439
FRA,France,2020,0.9,6.714111804962158
FRA,France,2021,0.906,6.656206607818604
FRA,France,2022,0.91,6.61380672454834
GAB,Gabon,2007,0.646,n/a
GAB,Gabon,2008,0.647,n/a
GAB,Gabon,2009,0.652,n/a
GAB,Gabon,2010,0.656,n/a
GAB,Gabon,2011,0.661,4.255400657653809
GAB,Gabon,2012,0.671,3.97205924987793
GAB,Gabon,2013,0.678,3.800287008285522
GAB,Gabon,2014,0.687,3.918073177337646
GAB,Gabon,2015,0.692,4.661012649536133
GAB,Gabon,2016,0.696,4.831764221191406
GAB,Gabon,2017,0.699,4.782382965087891
GAB,Gabon,2018,0.699,4.783009052276611
GAB,Gabon,2019,0.702,4.914393424987793
GAB,Gabon,2020,0.704,4.886549949645996
GAB,Gabon,2021,0.687,5.075422286987305
GAB,Gabon,2022,0.693,5.139500617980957
GBR,United Kingdom,2007,0.897,6.801930904388428
GBR,United Kingdom,2008,0.902,6.98646354675293
GBR,United Kingdom,2009,0.907,6.906547069549561
GBR,United Kingdom,2010,0.913,7.029364109039307
GBR,United Kingdom,2011,0.909,6.869248867034912
GBR,United Kingdom,2012,0.91,6.880784034729004
GBR,United Kingdom,2013,0.923,6.918055057525635
GBR,United Kingdom,2014,0.924,6.758147716522217
GBR,United Kingdom,2015,0.923,6.515445232391357
GBR,United Kingdom,2016,0.926,6.824283599853516
GBR,United Kingdom,2017,0.929,7.103273391723633
GBR,United Kingdom,2018,0.928,7.233445167541504
GBR,United Kingdom,2019,0.933,7.157151222229004
GBR,United Kingdom,2020,0.92,6.798177242279053
GBR,United Kingdom,2021,0.931,6.86696195602417
GBR,United Kingdom,2022,0.94,6.721779823303223
GEO,Georgia,2007,0.755,3.707194566726685
GEO,Georgia,2008,0.751,4.156090259552002
GEO,Georgia,2009,0.756,3.800639152526855
GEO,Georgia,2010,0.763,4.101837158203125
GEO,Georgia,2011,0.771,4.203030586242676
GEO,Georgia,2012,0.779,4.254445552825928
GEO,Georgia,2013,0.784,4.348920822143555
GEO,Georgia,2014,0.793,4.287508010864258
GEO,Georgia,2015,0.798,4.121940612792969
GEO,Georgia,2016,0.802,4.448386192321777
GEO,Georgia,2017,0.807,4.450774669647217
GEO,Georgia,2018,0.816,4.659097194671631
GEO,Georgia,2019,0.816,4.891835689544678
GEO,Georgia,2020,0.807,5.123143196105957
GEO,Georgia,2021,0.809,4.91127347946167
GEO,Georgia,2022,0.814,5.292755126953125
GHA,Ghana,2007,0.547,5.220148086547852
GHA,Ghana,2008,0.558,4.965134620666504
GHA,Ghana,2009,0.563,4.197695732116699
GHA,Ghana,2010,0.571,4.60625171661377
GHA,Ghana,2011,0.579,5.608199596405029
GHA,Ghana,2012,0.583,5.057261943817139
GHA,Ghana,2013,0.587,4.965053081512451
GHA,Ghana,2014,0.582,3.860351085662842
GHA,Ghana,2015,0.586,3.985916137695312
GHA,Ghana,2016,0.586,4.514411449432373
GHA,Ghana,2017,0.585,5.481310844421387
GHA,Ghana,2018,0.589,5.003693103790283
GHA,Ghana,2019,0.599,4.966809749603271
GHA,Ghana,2020,0.601,5.319483280181885
GHA,Ghana,2021,0.6,4.377950668334961
GHA,Ghana,2022,0.602,4.190854549407959
GIN,Guinea,2007,0.402,n/a
GIN,Guinea,2008,0.408,n/a
GIN,Guinea,2009,0.41,n/a
GIN,Guinea,2010,0.415,n/a
GIN,Guinea,2011,0.421,4.044569492340088
GIN,Guinea,2012,0.425,3.651554822921753
GIN,Guinea,2013,0.43,3.901793003082275
GIN,Guinea,2014,0.436,3.412482500076294
GIN,Guinea,2015,0.449,3.504693508148193
GIN,Guinea,2016,0.466,3.60285472869873
GIN,Guinea,2017,0.467,4.873722553253174
GIN,Guinea,2018,0.464,5.252226829528809
GIN,Guinea,2019,0.47,4.767684459686279
GIN,Guinea,2020,0.471,4.972168445587158
GIN,Guinea,2021,0.467,4.944539546966553
GIN,Guinea,2022,0.471,5.317492961883545
GRC,Greece,2007,0.866,6.646961212158203
GRC,Greece,2008,0.871,n/a
GRC,Greece,2009,0.873,6.038574695587158
GRC,Greece,2010,0.874,5.839558601379395
GRC,Greece,2011,0.871,5.372039794921875
GRC,Greece,2012,0.87,5.096354007720947
GRC,Greece,2013,0.874,4.720251083374023
GRC,Greece,2014,0.879,4.756237030029297
GRC,Greece,2015,0.881,5.622519016265869
GRC,Greece,2016,0.877,5.302619457244873
GRC,Greece,2017,0.88,5.148241519927979
GRC,Greece,2018,0.886,5.409289360046387
GRC,Greece,2019,0.89,5.952157497406006
GRC,Greece,2020,0.887,5.787615776062012
GRC,Greece,2021,0.887,6.104214191436768
GRC,Greece,2022,0.893,5.900459289550781
GTM,Guatemala,2007,0.59,6.329581260681152
GTM,Guatemala,2008,0.599,6.414494514465332
GTM,Guatemala,2009,0.606,6.451916217803955
GTM,Guatemala,2010,0.613,6.289748668670654
GTM,Guatemala,2011,0.617,5.743353843688965
GTM,Guatemala,2012,0.62,5.855717182159424
GTM,Guatemala,2013,0.623,5.984601497650146
GTM,Guatemala,2014,0.64,6.536030769348145
GTM,Guatemala,2015,0.629,6.464986801147461
GTM,Guatemala,2016,0.633,6.358916282653809
GTM,Guatemala,2017,0.636,6.325118541717529
GTM,Guatemala,2018,0.64,6.626591682434082
GTM,Guatemala,2019,0.645,6.2621750831604
GTM,Guatemala,2020,0.638,n/a
GTM,Guatemala,2021,0.63,n/a
GTM,Guatemala,2022,0.629,6.150331497192383
HKG,"Hong Kong SAR, China",2007,0.892,n/a
HKG,"Hong Kong SAR, China",2008,0.908,5.137261867523193
HKG,"Hong Kong SAR, China",2009,0.91,5.397055625915527
HKG,"Hong Kong SAR, China",2010,0.914,5.642834663391113
HKG,"Hong Kong SAR, China",2011,0.921,5.474010944366455
HKG,"Hong Kong SAR, China",2012,0.925,5.4837646484375
HKG,"Hong Kong SAR, China",2013,0.928,n/a
HKG,"Hong Kong SAR, China",2014,0.932,5.458050727844238
HKG,"Hong Kong SAR, China",2015,0.936,n/a
HKG,"Hong Kong SAR, China",2016,0.939,5.498420715332031
HKG,"Hong Kong SAR, China",2017,0.946,5.362474918365479
HKG,"Hong Kong SAR, China",2018,0.949,n/a
HKG,"Hong Kong SAR, China",2019,0.953,5.659317016601562
HKG,"Hong Kong SAR, China",2020,0.955,5.295341491699219
HKG,"Hong Kong SAR, China",2021,0.959,5.321550846099854
HKG,"Hong Kong SAR, China",2022,0.956,5.311294078826904
HND,Honduras,2007,0.584,5.097154140472412
HND,Honduras,2008,0.589,5.420331001281738
HND,Honduras,2009,0.592,6.033189296722412
HND,Honduras,2010,0.596,5.86613130569458
HND,Honduras,2011,0.598,4.961031436920166
HND,Honduras,2012,0.596,4.602218151092529
HND,Honduras,2013,0.602,4.713358402252197
HND,Honduras,2014,0.603,5.055726051330566
HND,Honduras,2015,0.61,4.845436573028564
HND,Honduras,2016,0.615,5.648154735565186
HND,Honduras,2017,0.614,6.019985675811768
HND,Honduras,2018,0.614,5.908423900604248
HND,Honduras,2019,0.629,5.930051326751709
HND,Honduras,2020,0.621,n/a
HND,Honduras,2021,0.62,6.113636016845703
HND,Honduras,2022,0.624,5.931803703308105
HRV,Croatia,2007,0.818,5.820907592773438
HRV,Croatia,2008,0.821,n/a
HRV,Croatia,2009,0.819,5.433319568634033
HRV,Croatia,2010,0.824,5.595575332641602
HRV,Croatia,2011,0.829,5.385372638702393
HRV,Croatia,2012,0.832,6.027634620666504
HRV,Croatia,2013,0.839,5.885462760925293
HRV,Croatia,2014,0.842,5.380692481994629
HRV,Croatia,2015,0.844,5.205438137054443
HRV,Croatia,2016,0.85,5.41687536239624
HRV,Croatia,2017,0.855,5.343165874481201
HRV,Croatia,2018,0.86,5.536271095275879
HRV,Croatia,2019,0.866,5.625743865966797
HRV,Croatia,2020,0.86,6.507992267608643
HRV,Croatia,2021,0.867,6.286790370941162
HRV,Croatia,2022,0.878,5.578691482543945
HUN,Hungary,2007,0.818,4.953917026519775
HUN,Hungary,2008,0.824,n/a
HUN,Hungary,2009,0.826,4.894600391387939
HUN,Hungary,2010,0.829,4.725132465362549
HUN,Hungary,2011,0.833,4.9176025390625
HUN,Hungary,2012,0.833,4.683358192443848
HUN,Hungary,2013,0.843,4.914466857910156
HUN,Hungary,2014,0.84,5.180563449859619
HUN,Hungary,2015,0.839,5.344383239746094
HUN,Hungary,2016,0.843,5.448901653289795
HUN,Hungary,2017,0.846,6.065038681030273
HUN,Hungary,2018,0.85,5.935770988464355
HUN,Hungary,2019,0.854,6.000259876251221
HUN,Hungary,2020,0.849,6.038049697875977
HUN,Hungary,2021,0.846,6.226647853851318
HUN,Hungary,2022,0.851,5.861183166503906
IDN,Indonesia,2007,0.646,5.101213932037354
IDN,Indonesia,2008,0.649,4.815309524536133
IDN,Indonesia,2009,0.66,5.472361087799072
IDN,Indonesia,2010,0.667,5.45729923248291
IDN,Indonesia,2011,0.674,5.172608375549316
IDN,Indonesia,2012,0.682,5.36777400970459
IDN,Indonesia,2013,0.687,5.292237758636475
IDN,Indonesia,2014,0.69,5.597375392913818
IDN,Indonesia,2015,0.698,5.042799949645996
IDN,Indonesia,2016,0.701,5.136325359344482
IDN,Indonesia,2017,0.708,5.098401546478271
IDN,Indonesia,2018,0.712,5.340295791625977
IDN,Indonesia,2019,0.718,5.346512794494629
IDN,Indonesia,2020,0.712,4.828147411346436
IDN,Indonesia,2021,0.707,5.433173179626465
IDN,Indonesia,2022,0.713,5.584685802459717
IND,India,2007,0.55,5.026793479919434
IND,India,2008,0.557,5.145833015441895
IND,India,2009,0.562,4.521517753601074
IND,India,2010,0.572,4.989277362823486
IND,India,2011,0.586,4.634871482849121
IND,India,2012,0.594,4.720146656036377
IND,India,2013,0.6,4.427788734436035
IND,India,2014,0.611,4.424379348754883
IND,India,2015,0.619,4.342079162597656
IND,India,2016,0.63,4.179177284240723
IND,India,2017,0.636,4.046111106872559
IND,India,2018,0.636,3.818068742752075
IND,India,2019,0.638,3.248769760131836
IND,India,2020,0.638,4.223865509033203
IND,India,2021,0.633,3.558253765106201
IND,India,2022,0.644,3.929816246032715
IRL,Ireland,2007,0.904,n/a
IRL,Ireland,2008,0.905,7.568029880523682
IRL,Ireland,2009,0.9,7.045911312103271
IRL,Ireland,2010,0.908,7.257389545440674
IRL,Ireland,2011,0.906,7.006904125213623
IRL,Ireland,2012,0.907,6.964645385742188
IRL,Ireland,2013,0.911,6.760085105895996
IRL,Ireland,2014,0.918,7.018379211425781
IRL,Ireland,2015,0.924,6.830125331878662
IRL,Ireland,2016,0.929,7.040731430053711
IRL,Ireland,2017,0.934,7.060155391693115
IRL,Ireland,2018,0.938,6.962335586547852
IRL,Ireland,2019,0.942,7.254841327667236
IRL,Ireland,2020,0.945,7.03493070602417
IRL,Ireland,2021,0.946,6.827651977539062
IRL,Ireland,2022,0.95,6.869863986968994
IRN,"Iran, Islamic Rep.",2007,0.742,5.336371421813965
IRN,"Iran, Islamic Rep.",2008,0.744,5.128988265991211
IRN,"Iran, Islamic Rep.",2009,0.748,n/a
IRN,"Iran, Islamic Rep.",2010,0.756,n/a
IRN,"Iran, Islamic Rep.",2011,0.765,4.767507076263428
IRN,"Iran, Islamic Rep.",2012,0.78,4.608927726745605
IRN,"Iran, Islamic Rep.",2013,0.78,5.139579296112061
IRN,"Iran, Islamic Rep.",2014,0.783,4.682224273681641
IRN,"Iran, Islamic Rep.",2015,0.782,4.749955654144287
IRN,"Iran, Islamic Rep.",2016,0.785,4.652730941772461
IRN,"Iran, Islamic Rep.",2017,0.788,4.716783046722412
IRN,"Iran, Islamic Rep.",2018,0.787,4.278117656707764
IRN,"Iran, Islamic Rep.",2019,0.785,5.00614595413208
IRN,"Iran, Islamic Rep.",2020,0.779,4.864528179168701
IRN,"Iran, Islamic Rep.",2021,0.776,4.787814140319824
IRN,"Iran, Islamic Rep.",2022,0.78,4.976995468139648
IRQ,Iraq,2007,0.596,n/a
IRQ,Iraq,2008,0.612,4.589844703674316
IRQ,Iraq,2009,0.622,4.775316715240479
IRQ,Iraq,2010,0.629,5.065462112426758
IRQ,Iraq,2011,0.637,4.725366115570068
IRQ,Iraq,2012,0.644,4.65950870513916
IRQ,Iraq,2013,0.648,4.725017070770264
IRQ,Iraq,2014,0.651,4.541502475738525
IRQ,Iraq,2015,0.656,4.493377208709717
IRQ,Iraq,2016,0.661,4.412537097930908
IRQ,Iraq,2017,0.667,4.462399005889893
IRQ,Iraq,2018,0.673,4.886400699615479
IRQ,Iraq,2019,0.678,n/a
IRQ,Iraq,2020,0.661,4.785165309906006
IRQ,Iraq,2021,0.667,5.093667984008789
IRQ,Iraq,2022,0.673,4.927995681762695
ISR,Israel,2007,0.876,6.84111499786377
ISR,Israel,2008,0.877,7.261261463165283
ISR,Israel,2009,0.881,7.352979183197021
ISR,Israel,2010,0.887,7.358916282653809
ISR,Israel,2011,0.89,7.43314790725708
ISR,Israel,2012,0.891,7.110854625701904
ISR,Israel,2013,0.896,7.320563316345215
ISR,Israel,2014,0.899,7.400570392608643
ISR,Israel,2015,0.899,7.079411029815674
ISR,Israel,2016,0.902,7.159010887145996
ISR,Israel,2017,0.906,7.33103609085083
ISR,Israel,2018,0.908,6.927178859710693
ISR,Israel,2019,0.909,7.331779956817627
ISR,Israel,2020,0.906,7.194928169250488
ISR,Israel,2021,0.911,7.57752799987793
ISR,Israel,2022,0.915,7.662397384643555
ITA,Italy,2007,0.878,6.57441234588623
ITA,Italy,2008,0.878,6.779774188995361
ITA,Italy,2009,0.877,6.333800315856934
ITA,Italy,2010,0.88,6.354238033294678
ITA,Italy,2011,0.883,6.05708646774292
ITA,Italy,2012,0.881,5.839313983917236
ITA,Italy,2013,0.88,6.009373664855957
ITA,Italy,2014,0.882,6.026585102081299
ITA,Italy,2015,0.881,5.847683906555176
ITA,Italy,2016,0.886,5.954524040222168
ITA,Italy,2017,0.889,6.198870182037354
ITA,Italy,2018,0.894,6.516526699066162
ITA,Italy,2019,0.899,6.445416927337646
ITA,Italy,2020,0.892,6.488356113433838
ITA,Italy,2021,0.899,6.466744899749756
ITA,Italy,2022,0.906,6.258476734161377
JOR,Jordan,2007,0.716,5.598057270050049
JOR,Jordan,2008,0.726,4.930058002471924
JOR,Jordan,2009,0.728,5.99985933303833
JOR,Jordan,2010,0.727,5.569942474365234
JOR,Jordan,2011,0.73,5.539327621459961
JOR,Jordan,2012,0.736,5.131996154785156
JOR,Jordan,2013,0.738,5.171952724456787
JOR,Jordan,2014,0.737,5.333021640777588
JOR,Jordan,2015,0.738,5.404593467712402
JOR,Jordan,2016,0.74,5.271284580230713
JOR,Jordan,2017,0.744,4.808082580566406
JOR,Jordan,2018,0.742,4.638933658599854
JOR,Jordan,2019,0.744,4.452548027038574
JOR,Jordan,2020,0.74,4.093991756439209
JOR,Jordan,2021,0.736,3.909149169921875
JOR,Jordan,2022,0.736,4.355606555938721
JPN,Japan,2007,0.9,6.238197803497314
JPN,Japan,2008,0.901,5.910679340362549
JPN,Japan,2009,0.9,5.844999313354492
JPN,Japan,2010,0.903,6.056752681732178
JPN,Japan,2011,0.902,6.26279354095459
JPN,Japan,2012,0.906,5.968216419219971
JPN,Japan,2013,0.909,5.959361553192139
JPN,Japan,2014,0.91,5.92262077331543
JPN,Japan,2015,0.913,5.879684448242188
JPN,Japan,2016,0.914,5.95465087890625
JPN,Japan,2017,0.916,5.9106764793396
JPN,Japan,2018,0.917,5.793575286865234
JPN,Japan,2019,0.918,5.908039093017578
JPN,Japan,2020,0.917,6.117963314056396
JPN,Japan,2021,0.92,6.091324806213379
JPN,Japan,2022,0.92,6.178009986877441
KAZ,Kazakhstan,2007,0.757,5.71855354309082
KAZ,Kazakhstan,2008,0.757,5.886419773101807
KAZ,Kazakhstan,2009,0.76,5.38256311416626
KAZ,Kazakhstan,2010,0.766,5.514286518096924
KAZ,Kazakhstan,2011,0.774,5.735662937164307
KAZ,Kazakhstan,2012,0.781,5.759469509124756
KAZ,Kazakhstan,2013,0.789,5.835483074188232
KAZ,Kazakhstan,2014,0.794,5.970097541809082
KAZ,Kazakhstan,2015,0.799,5.949995040893555
KAZ,Kazakhstan,2016,0.797,5.533551692962646
KAZ,Kazakhstan,2017,0.802,5.882351398468018
KAZ,Kazakhstan,2018,0.804,6.007636070251465
KAZ,Kazakhstan,2019,0.81,6.272268295288086
KAZ,Kazakhstan,2020,0.806,6.168269157409668
KAZ,Kazakhstan,2021,0.801,6.259634017944336
KAZ,Kazakhstan,2022,0.802,6.006279468536377
KEN,Kenya,2007,0.54,4.575657844543457
KEN,Kenya,2008,0.546,4.015274524688721
KEN,Kenya,2009,0.546,4.270434856414795
KEN,Kenya,2010,0.545,4.255859375
KEN,Kenya,2011,0.552,4.405310153961182
KEN,Kenya,2012,0.557,4.547335147857666
KEN,Kenya,2013,0.562,3.795383214950562
KEN,Kenya,2014,0.569,4.904579639434814
KEN,Kenya,2015,0.575,4.357617855072021
KEN,Kenya,2016,0.586,4.396127700805664
KEN,Kenya,2017,0.591,4.475654125213623
KEN,Kenya,2018,0.598,4.655702590942383
KEN,Kenya,2019,0.604,4.618850231170654
KEN,Kenya,2020,0.599,4.546584129333496
KEN,Kenya,2021,0.596,4.464540958404541
KEN,Kenya,2022,0.601,4.447946548461914
KGZ,Kyrgyz Republic,2007,0.652,4.697761535644531
KGZ,Kyrgyz Republic,2008,0.657,4.736588001251221
KGZ,Kyrgyz Republic,2009,0.661,5.069053649902344
KGZ,Kyrgyz Republic,2010,0.661,4.996410846710205
KGZ,Kyrgyz Republic,2011,0.664,4.921049118041992
KGZ,Kyrgyz Republic,2012,0.673,5.207785606384277
KGZ,Kyrgyz Republic,2013,0.68,5.402426719665527
KGZ,Kyrgyz Republic,2014,0.686,5.252192974090576
KGZ,Kyrgyz Republic,2015,0.689,4.905375957489014
KGZ,Kyrgyz Republic,2016,0.692,4.856534004211426
KGZ,Kyrgyz Republic,2017,0.695,5.629536628723145
KGZ,Kyrgyz Republic,2018,0.698,5.297383308410645
KGZ,Kyrgyz Republic,2019,0.699,5.685220718383789
KGZ,Kyrgyz Republic,2020,0.691,6.24958610534668
KGZ,Kyrgyz Republic,2021,0.696,5.563699722290039
KGZ,Kyrgyz Republic,2022,0.701,5.667840957641602
KHM,Cambodia,2007,0.531,4.155971050262451
KHM,Cambodia,2008,0.536,4.462163925170898
KHM,Cambodia,2009,0.538,4.110625743865967
KHM,Cambodia,2010,0.542,4.141072273254395
KHM,Cambodia,2011,0.546,4.161225318908691
KHM,Cambodia,2012,0.551,3.898706912994385
KHM,Cambodia,2013,0.554,3.674466848373413
KHM,Cambodia,2014,0.559,3.883305549621582
KHM,Cambodia,2015,0.564,4.162164688110352
KHM,Cambodia,2016,0.573,4.461259365081787
KHM,Cambodia,2017,0.581,4.585842132568359
KHM,Cambodia,2018,0.588,5.121837615966797
KHM,Cambodia,2019,0.596,4.998284816741943
KHM,Cambodia,2020,0.596,4.3769850730896
KHM,Cambodia,2021,0.596,4.555141448974609
KHM,Cambodia,2022,0.6,4.250280857086182
KOR,"Korea, Rep.",2007,0.871,5.767275810241699
KOR,"Korea, Rep.",2008,0.874,5.38962459564209
KOR,"Korea, Rep.",2009,0.876,5.647689819335938
KOR,"Korea, Rep.",2010,0.89,6.116024494171143
KOR,"Korea, Rep.",2011,0.895,6.946599006652832
KOR,"Korea, Rep.",2012,0.897,6.003286838531494
KOR,"Korea, Rep.",2013,0.902,5.958809852600098
KOR,"Korea, Rep.",2014,0.906,5.80132532119751
KOR,"Korea, Rep.",2015,0.908,5.780211448669434
KOR,"Korea, Rep.",2016,0.912,5.970564365386963
KOR,"Korea, Rep.",2017,0.915,5.873887062072754
KOR,"Korea, Rep.",2018,0.918,5.840231418609619
KOR,"Korea, Rep.",2019,0.922,5.902816772460938
KOR,"Korea, Rep.",2020,0.922,5.79269552230835
KOR,"Korea, Rep.",2021,0.926,6.11274528503418
KOR,"Korea, Rep.",2022,0.929,5.950013637542725
LBN,Lebanon,2007,0.724,n/a
LBN,Lebanon,2008,0.733,4.594851016998291
LBN,Lebanon,2009,0.741,5.20599889755249
LBN,Lebanon,2010,0.749,5.031899452209473
LBN,Lebanon,2011,0.755,5.18757152557373
LBN,Lebanon,2012,0.757,4.572566986083984
LBN,Lebanon,2013,0.756,4.983288764953613
LBN,Lebanon,2014,0.755,5.233025550842285
LBN,Lebanon,2015,0.756,5.171971321105957
LBN,Lebanon,2016,0.76,5.270723819732666
LBN,Lebanon,2017,0.765,5.153989791870117
LBN,Lebanon,2018,0.764,5.167186737060547
LBN,Lebanon,2019,0.76,4.024219512939453
LBN,Lebanon,2020,0.742,2.633752584457397
LBN,Lebanon,2021,0.725,2.178809404373169
LBN,Lebanon,2022,0.723,2.35242772102356
LKA,Sri Lanka,2007,0.718,4.41480541229248
LKA,Sri Lanka,2008,0.719,4.430846214294434
LKA,Sri Lanka,2009,0.711,4.212026596069336
LKA,Sri Lanka,2010,0.735,3.976905107498169
LKA,Sri Lanka,2011,0.741,4.180569171905518
LKA,Sri Lanka,2012,0.747,4.224593162536621
LKA,Sri Lanka,2013,0.752,4.364694118499756
LKA,Sri Lanka,2014,0.757,4.267932891845703
LKA,Sri Lanka,2015,0.76,4.611606597900391
LKA,Sri Lanka,2016,0.765,n/a
LKA,Sri Lanka,2017,0.77,4.330945491790771
LKA,Sri Lanka,2018,0.774,4.435023784637451
LKA,Sri Lanka,2019,0.775,4.21329927444458
LKA,Sri Lanka,2020,0.777,4.778489112854004
LKA,Sri Lanka,2021,0.783,4.103446960449219
LKA,Sri Lanka,2022,0.78,3.984860181808472
LTU,Lithuania,2007,0.835,5.808284759521484
LTU,Lithuania,2008,0.843,5.55392599105835
LTU,Lithuania,2009,0.843,5.466920852661133
LTU,Lithuania,2010,0.846,5.06582498550415
LTU,Lithuania,2011,0.853,5.432437419891357
LTU,Lithuania,2012,0.855,5.771037101745605
LTU,Lithuania,2013,0.858,5.595689296722412
LTU,Lithuania,2014,0.864,6.125723838806152
LTU,Lithuania,2015,0.865,5.71137809753418
LTU,Lithuania,2016,0.87,5.865552425384521
LTU,Lithuania,2017,0.878,6.272940635681152
LTU,Lithuania,2018,0.882,6.308878898620605
LTU,Lithuania,2019,0.886,6.064097881317139
LTU,Lithuania,2020,0.88,6.391378879547119
LTU,Lithuania,2021,0.875,6.864572525024414
LTU,Lithuania,2022,0.879,7.037577152252197
LUX,Luxembourg,2007,0.885,n/a
LUX,Luxembourg,2008,0.898,n/a
LUX,Luxembourg,2009,0.908,6.957920074462891
LUX,Luxembourg,2010,0.912,7.097251892089844
LUX,Luxembourg,2011,0.913,7.101400375366211
LUX,Luxembourg,2012,0.917,6.964097023010254
LUX,Luxembourg,2013,0.922,7.130809307098389
LUX,Luxembourg,2014,0.927,6.891127109527588
LUX,Luxembourg,2015,0.914,6.701571464538574
LUX,Luxembourg,2016,0.922,6.96734094619751
LUX,Luxembourg,2017,0.918,7.061380863189697
LUX,Luxembourg,2018,0.921,7.242630958557129
LUX,Luxembourg,2019,0.925,7.40401554107666
LUX,Luxembourg,2020,0.921,n/a
LUX,Luxembourg,2021,0.927,n/a
LUX,Luxembourg,2022,0.927,7.227934837341309
LVA,Latvia,2007,0.825,4.666971683502197
LVA,Latvia,2008,0.832,5.14537525177002
LVA,Latvia,2009,0.831,4.668910503387451
LVA,Latvia,2010,0.827,n/a
LVA,Latvia,2011,0.833,4.966811656951904
LVA,Latvia,2012,0.837,5.125025272369385
LVA,Latvia,2013,0.846,5.069770336151123
LVA,Latvia,2014,0.85,5.72911548614502
LVA,Latvia,2015,0.853,5.880597591400146
LVA,Latvia,2016,0.858,5.940446376800537
LVA,Latvia,2017,0.863,5.977817535400391
LVA,Latvia,2018,0.868,5.901154041290283
LVA,Latvia,2019,0.873,5.969753742218018
LVA,Latvia,2020,0.873,6.229008674621582
LVA,Latvia,2021,0.865,6.353090763092041
LVA,Latvia,2022,0.879,6.054838180541992
MAR,Morocco,2007,0.583,n/a
MAR,Morocco,2008,0.59,n/a
MAR,Morocco,2009,0.596,n/a
MAR,Morocco,2010,0.604,4.383247375488281
MAR,Morocco,2011,0.616,5.084972858428955
MAR,Morocco,2012,0.626,4.969656467437744
MAR,Morocco,2013,0.636,5.142160415649414
MAR,Morocco,2014,0.645,n/a
MAR,Morocco,2015,0.656,5.163156986236572
MAR,Morocco,2016,0.662,5.386307239532471
MAR,Morocco,2017,0.671,5.312482833862305
MAR,Morocco,2018,0.677,4.896791934967041
MAR,Morocco,2019,0.684,5.056751728057861
MAR,Morocco,2020,0.683,4.80261754989624
MAR,Morocco,2021,0.688,5.326248645782471
MAR,Morocco,2022,0.698,4.59609317779541
MDA,Moldova,2007,0.711,4.774918079376221
MDA,Moldova,2008,0.718,5.502756118774414
MDA,Moldova,2009,0.713,5.554374217987061
MDA,Moldova,2010,0.716,5.589736461639404
MDA,Moldova,2011,0.719,5.792262554168701
MDA,Moldova,2012,0.722,5.995712757110596
MDA,Moldova,2013,0.726,5.756059169769287
MDA,Moldova,2014,0.749,5.91705846786499
MDA,Moldova,2015,0.749,6.017472267150879
MDA,Moldova,2016,0.755,5.577784061431885
MDA,Moldova,2017,0.764,5.325530529022217
MDA,Moldova,2018,0.767,5.682277202606201
MDA,Moldova,2019,0.773,5.803450584411621
MDA,Moldova,2020,0.765,5.811628818511963
MDA,Moldova,2021,0.767,5.959048748016357
MDA,Moldova,2022,0.763,5.686611652374268
MEX,Mexico,2007,0.743,6.525378227233887
MEX,Mexico,2008,0.745,6.829036235809326
MEX,Mexico,2009,0.745,6.96281909942627
MEX,Mexico,2010,0.747,6.802388668060303
MEX,Mexico,2011,0.753,6.909515380859375
MEX,Mexico,2012,0.76,7.32018518447876
MEX,Mexico,2013,0.761,7.442546367645264
MEX,Mexico,2014,0.765,6.679831027984619
MEX,Mexico,2015,0.769,6.236287117004395
MEX,Mexico,2016,0.773,6.824172973632812
MEX,Mexico,2017,0.776,6.410299301147461
MEX,Mexico,2018,0.779,6.549578666687012
MEX,Mexico,2019,0.781,6.431945323944092
MEX,Mexico,2020,0.757,5.964221000671387
MEX,Mexico,2021,0.757,5.990750789642334
MEX,Mexico,2022,0.781,7.038368701934814
MKD,North Macedonia,2007,0.717,4.493598461151123
MKD,North Macedonia,2008,0.736,n/a
MKD,North Macedonia,2009,0.74,4.428021907806396
MKD,North Macedonia,2010,0.746,4.180202007293701
MKD,North Macedonia,2011,0.751,4.89818000793457
MKD,North Macedonia,2012,0.755,4.639647483825684
MKD,North Macedonia,2013,0.763,5.186190605163574
MKD,North Macedonia,2014,0.769,5.203825950622559
MKD,North Macedonia,2015,0.777,4.975589752197266
MKD,North Macedonia,2016,0.782,5.345746040344238
MKD,North Macedonia,2017,0.789,5.233866691589355
MKD,North Macedonia,2018,0.796,5.239834785461426
MKD,North Macedonia,2019,0.787,5.015485286712646
MKD,North Macedonia,2020,0.766,5.053664207458496
MKD,North Macedonia,2021,0.764,5.534749984741211
MKD,North Macedonia,2022,0.765,5.166881561279297
MLI,Mali,2007,0.381,n/a
MLI,Mali,2008,0.39,4.114664077758789
MLI,Mali,2009,0.398,3.976598501205444
MLI,Mali,2010,0.406,3.762305021286011
MLI,Mali,2011,0.411,4.66683292388916
MLI,Mali,2012,0.407,4.313016891479492
MLI,Mali,2013,0.404,3.676277160644531
MLI,Mali,2014,0.41,3.974714279174805
MLI,Mali,2015,0.409,4.582098484039307
MLI,Mali,2016,0.407,4.016027927398682
MLI,Mali,2017,0.413,4.74185037612915
MLI,Mali,2018,0.417,4.415729522705078
MLI,Mali,2019,0.421,4.987991809844971
MLI,Mali,2020,0.407,4.269473552703857
MLI,Mali,2021,0.408,4.113095760345459
MLI,Mali,2022,0.41,4.210547924041748
MLT,Malta,2007,0.84,n/a
MLT,Malta,2008,0.844,n/a
MLT,Malta,2009,0.849,6.327639579772949
MLT,Malta,2010,0.862,5.773874759674072
MLT,Malta,2011,0.857,6.154718399047852
MLT,Malta,2012,0.865,5.96287202835083
MLT,Malta,2013,0.874,6.379924774169922
MLT,Malta,2014,0.881,6.452117919921875
MLT,Malta,2015,0.887,6.613394260406494
MLT,Malta,2016,0.887,6.590842247009277
MLT,Malta,2017,0.896,6.675665855407715
MLT,Malta,2018,0.903,6.909710884094238
MLT,Malta,2019,0.905,6.732977390289307
MLT,Malta,2020,0.901,6.156822681427002
MLT,Malta,2021,0.912,6.44371509552002
MLT,Malta,2022,0.915,6.299238204956055
MNE,Montenegro,2007,0.783,5.196315288543701
MNE,Montenegro,2008,0.797,n/a
MNE,Montenegro,2009,0.798,4.801060199737549
MNE,Montenegro,2010,0.806,5.45503044128418
MNE,Montenegro,2011,0.811,5.223116874694824
MNE,Montenegro,2012,0.813,5.218724250793457
MNE,Montenegro,2013,0.819,5.074341773986816
MNE,Montenegro,2014,0.822,5.282720565795898
MNE,Montenegro,2015,0.827,5.124921321868896
MNE,Montenegro,2016,0.826,5.304066181182861
MNE,Montenegro,2017,0.833,5.614798545837402
MNE,Montenegro,2018,0.838,5.650189876556396
MNE,Montenegro,2019,0.841,5.386024951934814
MNE,Montenegro,2020,0.832,5.72216272354126
MNE,Montenegro,2021,0.84,n/a
MNE,Montenegro,2022,0.844,5.600043296813965
MNG,Mongolia,2007,0.68,4.60905933380127
MNG,Mongolia,2008,0.69,4.4930100440979
MNG,Mongolia,2009,0.694,n/a
MNG,Mongolia,2010,0.7,4.58552360534668
MNG,Mongolia,2011,0.71,5.031173706054688
MNG,Mongolia,2012,0.72,4.88515043258667
MNG,Mongolia,2013,0.73,4.912928104400635
MNG,Mongolia,2014,0.735,4.824834823608398
MNG,Mongolia,2015,0.739,4.982719898223877
MNG,Mongolia,2016,0.741,5.056999683380127
MNG,Mongolia,2017,0.742,5.333850383758545
MNG,Mongolia,2018,0.754,5.464622974395752
MNG,Mongolia,2019,0.749,5.562905311584473
MNG,Mongolia,2020,0.74,6.011364936828613
MNG,Mongolia,2021,0.73,5.721034049987793
MNG,Mongolia,2022,0.741,5.787830352783203
MRT,Mauritania,2007,0.495,4.149043083190918
MRT,Mauritania,2008,0.495,4.248075008392334
MRT,Mauritania,2009,0.505,4.500431537628174
MRT,Mauritania,2010,0.508,4.7723069190979
MRT,Mauritania,2011,0.513,4.784804344177246
MRT,Mauritania,2012,0.522,4.673203945159912
MRT,Mauritania,2013,0.53,4.199015140533447
MRT,Mauritania,2014,0.532,4.482805252075195
MRT,Mauritania,2015,0.536,3.922664165496826
MRT,Mauritania,2016,0.532,4.47214937210083
MRT,Mauritania,2017,0.536,4.678159713745117
MRT,Mauritania,2018,0.546,4.313615322113037
MRT,Mauritania,2019,0.552,4.152619361877441
MRT,Mauritania,2020,0.539,n/a
MRT,Mauritania,2021,0.538,n/a
MRT,Mauritania,2022,0.54,4.723868846893311
MWI,Malawi,2007,0.433,4.891036510467529
MWI,Malawi,2008,0.442,n/a
MWI,Malawi,2009,0.452,5.148239612579346
MWI,Malawi,2010,0.461,n/a
MWI,Malawi,2011,0.469,3.946062564849854
MWI,Malawi,2012,0.476,4.279269695281982
MWI,Malawi,2013,0.484,4.035084247589111
MWI,Malawi,2014,0.493,4.563080310821533
MWI,Malawi,2015,0.498,3.867638349533081
MWI,Malawi,2016,0.501,3.476492643356323
MWI,Malawi,2017,0.506,3.416862964630127
MWI,Malawi,2018,0.509,3.334633588790894
MWI,Malawi,2019,0.514,3.869123697280884
MWI,Malawi,2020,0.512,n/a
MWI,Malawi,2021,0.509,3.635283231735229
MWI,Malawi,2022,0.508,3.355563402175903
MYS,Malaysia,2007,0.744,6.238904476165771
MYS,Malaysia,2008,0.754,5.806781768798828
MYS,Malaysia,2009,0.761,5.384701728820801
MYS,Malaysia,2010,0.768,5.580281734466553
MYS,Malaysia,2011,0.771,5.786367416381836
MYS,Malaysia,2012,0.777,5.914283752441406
MYS,Malaysia,2013,0.782,5.770199775695801
MYS,Malaysia,2014,0.787,5.962921619415283
MYS,Malaysia,2015,0.792,6.322121143341064
MYS,Malaysia,2016,0.798,n/a
MYS,Malaysia,2017,0.8,n/a
MYS,Malaysia,2018,0.802,5.338817596435547
MYS,Malaysia,2019,0.805,5.427954196929932
MYS,Malaysia,2020,0.802,6.014198780059814
MYS,Malaysia,2021,0.798,6.010391712188721
MYS,Malaysia,2022,0.807,6.048006534576416
NER,Niger,2007,0.309,4.277402400970459
NER,Niger,2008,0.318,4.235657215118408
NER,Niger,2009,0.325,4.267169952392578
NER,Niger,2010,0.336,4.101016044616699
NER,Niger,2011,0.344,4.555829524993896
NER,Niger,2012,0.352,3.798088312149048
NER,Niger,2013,0.358,3.71632981300354
NER,Niger,2014,0.363,4.180943489074707
NER,Niger,2015,0.367,3.671453714370728
NER,Niger,2016,0.372,4.234645843505859
NER,Niger,2017,0.377,4.615673542022705
NER,Niger,2018,0.383,5.164007186889648
NER,Niger,2019,0.39,5.003544330596924
NER,Niger,2020,0.391,n/a
NER,Niger,2021,0.389,n/a
NER,Niger,2022,0.394,4.501331329345703
NGA,Nigeria,2007,0.479,4.890419483184814
NGA,Nigeria,2008,0.482,4.938560485839844
NGA,Nigeria,2009,0.486,4.980220317840576
NGA,Nigeria,2010,0.488,4.760275840759277
NGA,Nigeria,2011,0.494,n/a
NGA,Nigeria,2012,0.499,5.492954254150391
NGA,Nigeria,2013,0.504,4.817868709564209
NGA,Nigeria,2014,0.513,n/a
NGA,Nigeria,2015,0.52,4.932914733886719
NGA,Nigeria,2016,0.526,5.219567775726318
NGA,Nigeria,2017,0.528,5.321928024291992
NGA,Nigeria,2018,0.53,5.252288341522217
NGA,Nigeria,2019,0.537,4.266484260559082
NGA,Nigeria,2020,0.539,5.50294828414917
NGA,Nigeria,2021,0.542,4.479265689849854
NGA,Nigeria,2022,0.548,5.294247150421143
NIC,Nicaragua,2007,0.596,4.944090843200684
NIC,Nicaragua,2008,0.602,5.103827476501465
NIC,Nicaragua,2009,0.603,5.352804660797119
NIC,Nicaragua,2010,0.611,5.686699390411377
NIC,Nicaragua,2011,0.619,5.385705471038818
NIC,Nicaragua,2012,0.625,5.448006153106689
NIC,Nicaragua,2013,0.631,5.772274971008301
NIC,Nicaragua,2014,0.638,6.275266647338867
NIC,Nicaragua,2015,0.644,5.924112796783447
NIC,Nicaragua,2016,0.65,6.012739658355713
NIC,Nicaragua,2017,0.656,6.476356506347656
NIC,Nicaragua,2018,0.658,5.818952560424805
NIC,Nicaragua,2019,0.661,6.112545013427734
NIC,Nicaragua,2020,0.652,6.286890029907227
NIC,Nicaragua,2021,0.665,6.095348834991455
NIC,Nicaragua,2022,0.669,6.392257690429688
NLD,Netherlands,2007,0.911,7.451879501342773
NLD,Netherlands,2008,0.911,7.631011962890625
NLD,Netherlands,2009,0.912,n/a
NLD,Netherlands,2010,0.917,7.501875877380371
NLD,Netherlands,2011,0.927,7.563797950744629
NLD,Netherlands,2012,0.927,7.470715522766113
NLD,Netherlands,2013,0.929,7.406550407409668
NLD,Netherlands,2014,0.931,7.321188449859619
NLD,Netherlands,2015,0.932,7.324437141418457
NLD,Netherlands,2016,0.933,7.540877342224121
NLD,Netherlands,2017,0.936,7.458965301513672
NLD,Netherlands,2018,0.939,7.463097095489502
NLD,Netherlands,2019,0.941,7.425268650054932
NLD,Netherlands,2020,0.938,7.504447937011719
NLD,Netherlands,2021,0.941,7.314151287078857
NLD,Netherlands,2022,0.946,7.389636039733887
NPL,Nepal,2007,0.508,4.748284339904785
NPL,Nepal,2008,0.518,4.440526485443115
NPL,Nepal,2009,0.53,4.916868209838867
NPL,Nepal,2010,0.543,4.349675178527832
NPL,Nepal,2011,0.552,3.809444665908813
NPL,Nepal,2012,0.557,4.233244895935059
NPL,Nepal,2013,0.563,4.604576587677002
NPL,Nepal,2014,0.567,4.975014686584473
NPL,Nepal,2015,0.568,4.812436580657959
NPL,Nepal,2016,0.574,5.099539756774902
NPL,Nepal,2017,0.581,4.736692428588867
NPL,Nepal,2018,0.588,4.910086631774902
NPL,Nepal,2019,0.598,5.448724746704102
NPL,Nepal,2020,0.593,5.982410430908203
NPL,Nepal,2021,0.591,4.622300148010254
NPL,Nepal,2022,0.601,5.474175930023193
NZL,New Zealand,2007,0.919,7.604173183441162
NZL,New Zealand,2008,0.919,7.381170749664307
NZL,New Zealand,2009,0.922,n/a
NZL,New Zealand,2010,0.924,7.223756313323975
NZL,New Zealand,2011,0.924,7.190638065338135
NZL,New Zealand,2012,0.927,7.249629974365234
NZL,New Zealand,2013,0.93,7.280151844024658
NZL,New Zealand,2014,0.931,7.305892467498779
NZL,New Zealand,2015,0.933,7.418120861053467
NZL,New Zealand,2016,0.935,7.225687980651855
NZL,New Zealand,2017,0.935,7.327182769775391
NZL,New Zealand,2018,0.936,7.370285987854004
NZL,New Zealand,2019,0.937,7.205174446105957
NZL,New Zealand,2020,0.935,7.257381916046143
NZL,New Zealand,2021,0.936,7.136700630187988
NZL,New Zealand,2022,0.939,6.974986553192139
PAK,Pakistan,2007,0.49,5.671460628509521
PAK,Pakistan,2008,0.489,4.413918972015381
PAK,Pakistan,2009,0.493,5.208146572113037
PAK,Pakistan,2010,0.496,5.7861328125
PAK,Pakistan,2011,0.5,5.267186164855957
PAK,Pakistan,2012,0.504,5.131565093994141
PAK,Pakistan,2013,0.51,5.138082504272461
PAK,Pakistan,2014,0.519,5.435657978057861
PAK,Pakistan,2015,0.525,4.823194980621338
PAK,Pakistan,2016,0.533,5.548508167266846
PAK,Pakistan,2017,0.534,5.830870628356934
PAK,Pakistan,2018,0.535,5.471553802490234
PAK,Pakistan,2019,0.537,4.442717552185059
PAK,Pakistan,2020,0.536,4.623969078063965
PAK,Pakistan,2021,0.537,4.486834526062012
PAK,Pakistan,2022,0.54,4.930678367614746
PAN,Panama,2007,0.765,6.894139766693115
PAN,Panama,2008,0.769,6.930903434753418
PAN,Panama,2009,0.771,7.033740043640137
PAN,Panama,2010,0.775,7.321467399597168
PAN,Panama,2011,0.781,7.248080730438232
PAN,Panama,2012,0.788,6.859835624694824
PAN,Panama,2013,0.794,6.866480350494385
PAN,Panama,2014,0.797,6.631171226501465
PAN,Panama,2015,0.802,6.605550289154053
PAN,Panama,2016,0.809,6.117638111114502
PAN,Panama,2017,0.814,6.5676589012146
PAN,Panama,2018,0.817,6.281434059143066
PAN,Panama,2019,0.82,6.085955142974854
PAN,Panama,2020,0.809,n/a
PAN,Panama,2021,0.813,6.552778720855713
PAN,Panama,2022,0.82,5.979382038116455
PER,Peru,2007,0.7,5.213962078094482
PER,Peru,2008,0.707,5.129230976104736
PER,Peru,2009,0.711,5.518846988677979
PER,Peru,2010,0.725,5.612785339355469
PER,Peru,2011,0.731,5.892457485198975
PER,Peru,2012,0.741,5.824557304382324
PER,Peru,2013,0.749,5.782557487487793
PER,Peru,2014,0.754,5.86581563949585
PER,Peru,2015,0.758,5.577263355255127
PER,Peru,2016,0.764,5.700628757476807
PER,Peru,2017,0.765,5.710936546325684
PER,Peru,2018,0.77,5.679661273956299
PER,Peru,2019,0.774,5.999381542205811
PER,Peru,2020,0.758,4.994379043579102
PER,Peru,2021,0.755,5.694317817687988
PER,Peru,2022,0.762,5.892068862915039
PHL,Philippines,2007,0.663,5.073562145233154
PHL,Philippines,2008,0.666,4.589065074920654
PHL,Philippines,2009,0.666,4.879910945892334
PHL,Philippines,2010,0.673,4.941514015197754
PHL,Philippines,2011,0.677,4.993956565856934
PHL,Philippines,2012,0.684,5.001965045928955
PHL,Philippines,2013,0.689,4.976925373077393
PHL,Philippines,2014,0.693,5.312550067901611
PHL,Philippines,2015,0.696,5.547489166259766
PHL,Philippines,2016,0.696,5.430832862854004
PHL,Philippines,2017,0.7,5.5942702293396
PHL,Philippines,2018,0.706,5.8691725730896
PHL,Philippines,2019,0.714,6.267745018005371
PHL,Philippines,2020,0.705,5.079585075378418
PHL,Philippines,2021,0.692,5.965057849884033
PHL,Philippines,2022,0.71,5.994960308074951
POL,Poland,2007,0.828,5.88613748550415
POL,Poland,2008,0.834,n/a
POL,Poland,2009,0.838,5.772027492523193
POL,Poland,2010,0.845,5.887029647827148
POL,Poland,2011,0.851,5.646204948425293
POL,Poland,2012,0.855,5.875931739807129
POL,Poland,2013,0.865,5.746131896972656
POL,Poland,2014,0.867,5.750282287597656
POL,Poland,2015,0.869,6.007021903991699
POL,Poland,2016,0.872,6.162076473236084
POL,Poland,2017,0.874,6.201268196105957
POL,Poland,2018,0.876,6.111485004425049
POL,Poland,2019,0.88,6.242094039916992
POL,Poland,2020,0.874,6.139455318450928
POL,Poland,2021,0.876,5.978068828582764
POL,Poland,2022,0.881,6.66626501083374
PRT,Portugal,2007,0.822,n/a
PRT,Portugal,2008,0.825,5.71696662902832
PRT,Portugal,2009,0.827,n/a
PRT,Portugal,2010,0.831,5.094525814056396
PRT,Portugal,2011,0.836,5.219997882843018
PRT,Portugal,2012,0.837,4.993962287902832
PRT,Portugal,2013,0.842,5.157688140869141
PRT,Portugal,2014,0.847,5.126911640167236
PRT,Portugal,2015,0.85,5.08086633682251
PRT,Portugal,2016,0.851,5.446637153625488
PRT,Portugal,2017,0.857,5.711499214172363
PRT,Portugal,2018,0.858,5.919822692871094
PRT,Portugal,2019,0.864,6.095473289489746
PRT,Portugal,2020,0.861,5.767792224884033
PRT,Portugal,2021,0.865,6.183014392852783
PRT,Portugal,2022,0.874,5.952542781829834
PRY,Paraguay,2007,0.681,5.272461414337158
PRY,Paraguay,2008,0.691,5.570061683654785
PRY,Paraguay,2009,0.691,5.576147079467773
PRY,Paraguay,2010,0.7,5.841174125671387
PRY,Paraguay,2011,0.711,5.677080631256104
PRY,Paraguay,2012,0.716,5.820058345794678
PRY,Paraguay,2013,0.729,5.936240673065186
PRY,Paraguay,2014,0.731,5.11864185333252
PRY,Paraguay,2015,0.738,5.5597243309021
PRY,Paraguay,2016,0.736,5.801380157470703
PRY,Paraguay,2017,0.739,5.713295459747314
PRY,Paraguay,2018,0.742,n/a
PRY,Paraguay,2019,0.746,5.652625560760498
PRY,Paraguay,2020,0.742,5.501248836517334
PRY,Paraguay,2021,0.73,5.575535297393799
PRY,Paraguay,2022,0.731,6.137611865997314
PSE,West Bank and Gaza,2007,0.672,4.151053905487061
PSE,West Bank and Gaza,2008,0.678,4.385603427886963
PSE,West Bank and Gaza,2009,0.683,4.470191478729248
PSE,West Bank and Gaza,2010,0.688,4.702603816986084
PSE,West Bank and Gaza,2011,0.696,4.751219749450684
PSE,West Bank and Gaza,2012,0.702,4.646608352661133
PSE,West Bank and Gaza,2013,0.704,4.844027996063232
PSE,West Bank and Gaza,2014,0.698,4.721938133239746
PSE,West Bank and Gaza,2015,0.71,4.695239067077637
PSE,West Bank and Gaza,2016,0.715,4.906618118286133
PSE,West Bank and Gaza,2017,0.718,4.628132820129395
PSE,West Bank and Gaza,2018,0.722,4.553921699523926
PSE,West Bank and Gaza,2019,0.739,4.482537269592285
PSE,West Bank and Gaza,2020,0.715,n/a
PSE,West Bank and Gaza,2021,0.715,n/a
PSE,West Bank and Gaza,2022,0.716,4.907760143280029
ROU,Romania,2007,0.78,5.393723964691162
ROU,Romania,2008,0.807,n/a
ROU,Romania,2009,0.819,5.367565155029297
ROU,Romania,2010,0.813,4.909165859222412
ROU,Romania,2011,0.813,5.022757530212402
ROU,Romania,2012,0.807,5.166874885559082
ROU,Romania,2013,0.811,5.081584453582764
ROU,Romania,2014,0.811,5.726893424987793
ROU,Romania,2015,0.813,5.777491092681885
ROU,Romania,2016,0.815,5.968870639801025
ROU,Romania,2017,0.823,6.08990478515625
ROU,Romania,2018,0.829,6.15087890625
ROU,Romania,2019,0.834,6.129942417144775
ROU,Romania,2020,0.828,6.785142421722412
ROU,Romania,2021,0.825,6.548725605010986
ROU,Romania,2022,0.827,6.436973571777344
RUS,Russian Federation,2007,0.789,5.222867488861084
RUS,Russian Federation,2008,0.793,5.618753910064697
RUS,Russian Federation,2009,0.791,5.158227920532227
RUS,Russian Federation,2010,0.797,5.384773254394531
RUS,Russian Federation,2011,0.807,5.388766288757324
RUS,Russian Federation,2012,0.811,5.620735645294189
RUS,Russian Federation,2013,0.816,5.537177562713623
RUS,Russian Federation,2014,0.818,6.03697681427002
RUS,Russian Federation,2015,0.823,5.995538711547852
RUS,Russian Federation,2016,0.826,5.854945659637451
RUS,Russian Federation,2017,0.827,5.578742980957031
RUS,Russian Federation,2018,0.836,5.513500213623047
RUS,Russian Federation,2019,0.839,5.440523624420166
RUS,Russian Federation,2020,0.826,5.495288848876953
RUS,Russian Federation,2021,0.818,5.448261260986328
RUS,Russian Federation,2022,0.821,6.04407262802124
SAU,Saudi Arabia,2007,0.786,7.266694068908691
SAU,Saudi Arabia,2008,0.794,6.811370372772217
SAU,Saudi Arabia,2009,0.798,6.147590160369873
SAU,Saudi Arabia,2010,0.805,6.307098388671875
SAU,Saudi Arabia,2011,0.816,6.699789524078369
SAU,Saudi Arabia,2012,0.824,6.396359443664551
SAU,Saudi Arabia,2013,0.831,6.495132923126221
SAU,Saudi Arabia,2014,0.836,6.278378009796143
SAU,Saudi Arabia,2015,0.842,6.345491886138916
SAU,Saudi Arabia,2016,0.846,6.473921298980713
SAU,Saudi Arabia,2017,0.849,6.29428243637085
SAU,Saudi Arabia,2018,0.856,6.356393337249756
SAU,Saudi Arabia,2019,0.862,6.5612473487854
SAU,Saudi Arabia,2020,0.861,6.559588432312012
SAU,Saudi Arabia,2021,0.867,6.445294380187988
SAU,Saudi Arabia,2022,0.875,6.38161039352417
SEN,Senegal,2007,0.442,4.679986953735352
SEN,Senegal,2008,0.454,4.683499813079834
SEN,Senegal,2009,0.461,4.335114002227783
SEN,Senegal,2010,0.47,4.372156143188477
SEN,Senegal,2011,0.483,3.834201574325562
SEN,Senegal,2012,0.491,3.668736934661865
SEN,Senegal,2013,0.497,3.647367000579834
SEN,Senegal,2014,0.501,4.394777297973633
SEN,Senegal,2015,0.501,4.617000579833984
SEN,Senegal,2016,0.51,4.594533920288086
SEN,Senegal,2017,0.511,4.683024883270264
SEN,Senegal,2018,0.515,4.7693772315979
SEN,Senegal,2019,0.514,5.488736629486084
SEN,Senegal,2020,0.514,4.756773471832275
SEN,Senegal,2021,0.512,4.902830600738525
SEN,Senegal,2022,0.517,4.906819820404053
SGP,Singapore,2007,0.906,6.833754539489746
SGP,Singapore,2008,0.91,6.641956806182861
SGP,Singapore,2009,0.91,6.144676685333252
SGP,Singapore,2010,0.921,6.531401634216309
SGP,Singapore,2011,0.924,6.561041831970215
SGP,Singapore,2012,0.926,n/a
SGP,Singapore,2013,0.93,6.533206939697266
SGP,Singapore,2014,0.932,7.06236457824707
SGP,Singapore,2015,0.935,6.619524955749512
SGP,Singapore,2016,0.937,6.033480644226074
SGP,Singapore,2017,0.938,6.378437995910645
SGP,Singapore,2018,0.942,6.374564170837402
SGP,Singapore,2019,0.945,6.378359794616699
SGP,Singapore,2020,0.942,n/a
SGP,Singapore,2021,0.942,6.586717128753662
SGP,Singapore,2022,0.949,6.333045959472656
SLE,Sierra Leone,2007,0.392,3.585127353668213
SLE,Sierra Leone,2008,0.403,2.997251033782959
SLE,Sierra Leone,2009,0.411,n/a
SLE,Sierra Leone,2010,0.416,4.133955955505371
SLE,Sierra Leone,2011,0.424,4.501643657684326
SLE,Sierra Leone,2012,0.427,n/a
SLE,Sierra Leone,2013,0.445,4.514291286468506
SLE,Sierra Leone,2014,0.447,4.499970436096191
SLE,Sierra Leone,2015,0.438,4.908617973327637
SLE,Sierra Leone,2016,0.446,4.732953071594238
SLE,Sierra Leone,2017,0.448,4.08956241607666
SLE,Sierra Leone,2018,0.454,4.305683135986328
SLE,Sierra Leone,2019,0.457,3.447381496429443
SLE,Sierra Leone,2020,0.453,n/a
SLE,Sierra Leone,2021,0.456,3.71429443359375
SLE,Sierra Leone,2022,0.458,2.560429573059082
SLV,El Salvador,2007,0.651,5.295535087585449
SLV,El Salvador,2008,0.651,5.191493988037109
SLV,El Salvador,2009,0.651,6.839087009429932
SLV,El Salvador,2010,0.657,6.739911079406738
SLV,El Salvador,2011,0.657,4.741294860839844
SLV,El Salvador,2012,0.661,5.934371471405029
SLV,El Salvador,2013,0.664,6.325063228607178
SLV,El Salvador,2014,0.663,5.856523513793945
SLV,El Salvador,2015,0.663,6.018496036529541
SLV,El Salvador,2016,0.664,6.139824867248535
SLV,El Salvador,2017,0.667,6.33931827545166
SLV,El Salvador,2018,0.673,6.241199493408203
SLV,El Salvador,2019,0.676,6.45482063293457
SLV,El Salvador,2020,0.666,5.461926937103271
SLV,El Salvador,2021,0.669,6.43144702911377
SLV,El Salvador,2022,0.674,6.492156028747559
SRB,Serbia,2007,0.753,4.750383853912354
SRB,Serbia,2008,0.764,n/a
SRB,Serbia,2009,0.766,4.380311965942383
SRB,Serbia,2010,0.768,4.461304187774658
SRB,Serbia,2011,0.773,4.815186500549316
SRB,Serbia,2012,0.78,5.154521942138672
SRB,Serbia,2013,0.785,5.101840496063232
SRB,Serbia,2014,0.787,5.112728595733643
SRB,Serbia,2015,0.794,5.317685127258301
SRB,Serbia,2016,0.8,5.752754688262939
SRB,Serbia,2017,0.802,5.122031211853027
SRB,Serbia,2018,0.808,5.936493396759033
SRB,Serbia,2019,0.812,6.24140739440918
SRB,Serbia,2020,0.806,6.04154634475708
SRB,Serbia,2021,0.804,6.245267391204834
SRB,Serbia,2022,0.805,6.545587539672852
SVK,Slovak Republic,2007,0.822,n/a
SVK,Slovak Republic,2008,0.831,n/a
SVK,Slovak Republic,2009,0.834,n/a
SVK,Slovak Republic,2010,0.841,6.052223205566406
SVK,Slovak Republic,2011,0.846,5.945048332214355
SVK,Slovak Republic,2012,0.846,5.911059379577637
SVK,Slovak Republic,2013,0.849,5.936527252197266
SVK,Slovak Republic,2014,0.851,6.138873100280762
SVK,Slovak Republic,2015,0.852,6.162004470825195
SVK,Slovak Republic,2016,0.855,5.993163108825684
SVK,Slovak Republic,2017,0.857,6.365509033203125
SVK,Slovak Republic,2018,0.86,6.235110759735107
SVK,Slovak Republic,2019,0.863,6.243428707122803
SVK,Slovak Republic,2020,0.86,6.519098281860352
SVK,Slovak Republic,2021,0.852,6.418503761291504
SVK,Slovak Republic,2022,0.855,6.091082096099854
SVN,Slovenia,2007,0.881,n/a
SVN,Slovenia,2008,0.889,n/a
SVN,Slovenia,2009,0.886,5.830160617828369
SVN,Slovenia,2010,0.89,6.082555294036865
SVN,Slovenia,2011,0.892,6.035964012145996
SVN,Slovenia,2012,0.892,6.062891006469727
SVN,Slovenia,2013,0.901,5.974888801574707
SVN,Slovenia,2014,0.903,5.67839527130127
SVN,Slovenia,2015,0.903,5.740642070770264
SVN,Slovenia,2016,0.909,5.936821460723877
SVN,Slovenia,2017,0.912,6.166837692260742
SVN,Slovenia,2018,0.916,6.249419212341309
SVN,Slovenia,2019,0.918,6.665273666381836
SVN,Slovenia,2020,0.91,6.462076187133789
SVN,Slovenia,2021,0.916,6.761220932006836
SVN,Slovenia,2022,0.926,6.723397731781006
SWE,Sweden,2007,0.909,7.241362571716309
SWE,Sweden,2008,0.905,7.515997409820557
SWE,Sweden,2009,0.904,7.265977382659912
SWE,Sweden,2010,0.91,7.496018886566162
SWE,Sweden,2011,0.912,7.382232189178467
SWE,Sweden,2012,0.912,7.560147762298584
SWE,Sweden,2013,0.932,7.43401050567627
SWE,Sweden,2014,0.935,7.239147663116455
SWE,Sweden,2015,0.937,7.288922309875488
SWE,Sweden,2016,0.939,7.368744373321533
SWE,Sweden,2017,0.941,7.286804676055908
SWE,Sweden,2018,0.943,7.374792098999023
SWE,Sweden,2019,0.947,7.398092746734619
SWE,Sweden,2020,0.944,7.314341068267822
SWE,Sweden,2021,0.949,7.439280033111572
SWE,Sweden,2022,0.952,7.431214332580566
TCD,Chad,2007,0.339,4.141326904296875
TCD,Chad,2008,0.343,4.632468223571777
TCD,Chad,2009,0.357,3.639445066452026
TCD,Chad,2010,0.364,3.742871046066284
TCD,Chad,2011,0.373,4.393482208251953
TCD,Chad,2012,0.381,4.032974720001221
TCD,Chad,2013,0.385,3.507663011550903
TCD,Chad,2014,0.392,3.460182905197144
TCD,Chad,2015,0.388,4.322675228118896
TCD,Chad,2016,0.388,4.029350280761719
TCD,Chad,2017,0.389,4.558937072753906
TCD,Chad,2018,0.393,4.486325263977051
TCD,Chad,2019,0.398,4.250799179077148
TCD,Chad,2020,0.396,n/a
TCD,Chad,2021,0.393,n/a
TCD,Chad,2022,0.394,4.396646022796631
THA,Thailand,2007,0.732,5.783891201019287
THA,Thailand,2008,0.735,5.636471271514893
THA,Thailand,2009,0.738,5.475645065307617
THA,Thailand,2010,0.743,6.216702938079834
THA,Thailand,2011,0.749,6.663609027862549
THA,Thailand,2012,0.752,6.300235271453857
THA,Thailand,2013,0.754,6.231024742126465
THA,Thailand,2014,0.785,6.985463619232178
THA,Thailand,2015,0.789,6.201762676239014
THA,Thailand,2016,0.793,6.073639869689941
THA,Thailand,2017,0.795,5.938895225524902
THA,Thailand,2018,0.796,6.011561870574951
THA,Thailand,2019,0.801,6.022151470184326
THA,Thailand,2020,0.8,5.884544372558594
THA,Thailand,2021,0.797,5.638096809387207
THA,Thailand,2022,0.803,6.00711727142334
TJK,Tajikistan,2007,0.62,4.4316086769104
TJK,Tajikistan,2008,0.628,5.063986778259277
TJK,Tajikistan,2009,0.629,4.575174808502197
TJK,Tajikistan,2010,0.631,4.380636215209961
TJK,Tajikistan,2011,0.636,4.26267147064209
TJK,Tajikistan,2012,0.641,4.49657154083252
TJK,Tajikistan,2013,0.647,4.966521263122559
TJK,Tajikistan,2014,0.649,4.896157741546631
TJK,Tajikistan,2015,0.651,5.124210834503174
TJK,Tajikistan,2016,0.655,5.103721141815186
TJK,Tajikistan,2017,0.659,5.82923412322998
TJK,Tajikistan,2018,0.664,5.497468948364258
TJK,Tajikistan,2019,0.668,5.464015483856201
TJK,Tajikistan,2020,0.656,5.373398780822754
TJK,Tajikistan,2021,0.677,5.286824226379395
TJK,Tajikistan,2022,0.679,5.175915241241455
TUN,Tunisia,2007,0.7,n/a
TUN,Tunisia,2008,0.705,n/a
TUN,Tunisia,2009,0.709,5.02547025680542
TUN,Tunisia,2010,0.713,5.130520820617676
TUN,Tunisia,2011,0.715,4.876482009887695
TUN,Tunisia,2012,0.716,4.463531017303467
TUN,Tunisia,2013,0.719,5.245604991912842
TUN,Tunisia,2014,0.721,4.763594627380371
TUN,Tunisia,2015,0.724,5.131611824035645
TUN,Tunisia,2016,0.728,4.521453380584717
TUN,Tunisia,2017,0.732,4.124342918395996
TUN,Tunisia,2018,0.737,4.741132259368896
TUN,Tunisia,2019,0.74,4.315479755401611
TUN,Tunisia,2020,0.734,4.73081111907959
TUN,Tunisia,2021,0.729,4.499485969543457
TUN,Tunisia,2022,0.732,4.260868072509766
TUR,Turkiye,2007,0.718,5.623471736907959
TUR,Turkiye,2008,0.721,5.118231773376465
TUR,Turkiye,2009,0.728,5.212841510772705
TUR,Turkiye,2010,0.75,5.490347385406494
TUR,Turkiye,2011,0.763,5.271944046020508
TUR,Turkiye,2012,0.772,5.309076309204102
TUR,Turkiye,2013,0.802,4.888177394866943
TUR,Turkiye,2014,0.812,5.579794406890869
TUR,Turkiye,2015,0.821,5.51446533203125
TUR,Turkiye,2016,0.826,5.326221942901611
TUR,Turkiye,2017,0.833,5.607262134552002
TUR,Turkiye,2018,0.838,5.185689449310303
TUR,Turkiye,2019,0.842,4.872073650360107
TUR,Turkiye,2020,0.835,4.861554145812988
TUR,Turkiye,2021,0.841,4.366639614105225
TUR,Turkiye,2022,0.855,5.093441486358643
TZA,Tanzania,2007,0.464,4.317949771881104
TZA,Tanzania,2008,0.472,4.38474178314209
TZA,Tanzania,2009,0.482,3.40750789642334
TZA,Tanzania,2010,0.493,3.229129076004028
TZA,Tanzania,2011,0.498,4.073562145233154
TZA,Tanzania,2012,0.501,4.006897449493408
TZA,Tanzania,2013,0.504,3.852394819259644
TZA,Tanzania,2014,0.506,3.483278512954712
TZA,Tanzania,2015,0.507,3.660597324371338
TZA,Tanzania,2016,0.509,2.902734279632568
TZA,Tanzania,2017,0.517,3.347121238708496
TZA,Tanzania,2018,0.525,3.44502329826355
TZA,Tanzania,2019,0.533,3.640154838562012
TZA,Tanzania,2020,0.535,3.785684108734131
TZA,Tanzania,2021,0.529,3.680567979812622
TZA,Tanzania,2022,0.532,3.615845203399658
UGA,Uganda,2007,0.473,4.455838680267334
UGA,Uganda,2008,0.481,4.568619251251221
UGA,Uganda,2009,0.491,4.611985683441162
UGA,Uganda,2010,0.5,4.192882061004639
UGA,Uganda,2011,0.504,4.826001167297363
UGA,Uganda,2012,0.504,4.309237957000732
UGA,Uganda,2013,0.511,3.7095787525177
UGA,Uganda,2014,0.518,3.769919157028198
UGA,Uganda,2015,0.525,4.237686634063721
UGA,Uganda,2016,0.531,4.233261108398438
UGA,Uganda,2017,0.534,4.000516891479492
UGA,Uganda,2018,0.539,4.321714878082275
UGA,Uganda,2019,0.544,4.948051452636719
UGA,Uganda,2020,0.545,4.640909671783447
UGA,Uganda,2021,0.545,4.224533557891846
UGA,Uganda,2022,0.55,4.424695491790771
UKR,Ukraine,2007,0.759,5.252181529998779
UKR,Ukraine,2008,0.763,5.172380447387695
UKR,Ukraine,2009,0.761,5.165639400482178
UKR,Ukraine,2010,0.766,5.05756139755249
UKR,Ukraine,2011,0.772,5.083132743835449
UKR,Ukraine,2012,0.774,5.030342102050781
UKR,Ukraine,2013,0.774,4.710802555084229
UKR,Ukraine,2014,0.774,4.297329902648926
UKR,Ukraine,2015,0.764,3.964542865753174
UKR,Ukraine,2016,0.767,4.028690338134766
UKR,Ukraine,2017,0.771,4.3110671043396
UKR,Ukraine,2018,0.771,4.661909103393555
UKR,Ukraine,2019,0.774,4.701762199401855
UKR,Ukraine,2020,0.762,5.269675731658936
UKR,Ukraine,2021,0.755,5.311355113983154
UKR,Ukraine,2022,0.734,4.637436389923096
URY,Uruguay,2007,0.769,5.69394588470459
URY,Uruguay,2008,0.773,5.663869857788086
URY,Uruguay,2009,0.776,6.296222686767578
URY,Uruguay,2010,0.785,6.062010765075684
URY,Uruguay,2011,0.791,6.554047107696533
URY,Uruguay,2012,0.794,6.449728488922119
URY,Uruguay,2013,0.802,6.444464683532715
URY,Uruguay,2014,0.805,6.56144380569458
URY,Uruguay,2015,0.807,6.628080368041992
URY,Uruguay,2016,0.811,6.171485424041748
URY,Uruguay,2017,0.815,6.336009979248047
URY,Uruguay,2018,0.815,6.37171459197998
URY,Uruguay,2019,0.818,6.600337028503418
URY,Uruguay,2020,0.82,6.309681415557861
URY,Uruguay,2021,0.814,6.501700401306152
URY,Uruguay,2022,0.83,6.670852661132812
USA,United States,2007,0.911,7.512687683105469
USA,United States,2008,0.912,7.280385971069336
USA,United States,2009,0.913,7.158032417297363
USA,United States,2010,0.916,7.163616180419922
USA,United States,2011,0.918,7.115138530731201
USA,United States,2012,0.92,7.026226997375488
USA,United States,2013,0.922,7.249285221099854
USA,United States,2014,0.923,7.151114463806152
USA,United States,2015,0.924,6.863946914672852
USA,United States,2016,0.926,6.803599834442139
USA,United States,2017,0.928,6.991759300231934
USA,United States,2018,0.93,6.882684707641602
USA,United States,2019,0.933,6.943701267242432
USA,United States,2020,0.923,7.028088092803955
USA,United States,2021,0.921,6.95908784866333
USA,United States,2022,0.927,6.692790031433105
UZB,Uzbekistan,2007,0.655,n/a
UZB,Uzbekistan,2008,0.66,5.311368465423584
UZB,Uzbekistan,2009,0.666,5.260720729827881
UZB,Uzbekistan,2010,0.675,5.09534215927124
UZB,Uzbekistan,2011,0.682,5.738744258880615
UZB,Uzbekistan,2012,0.688,6.019331932067871
UZB,Uzbekistan,2013,0.693,5.939986228942871
UZB,Uzbekistan,2014,0.698,6.049212455749512
UZB,Uzbekistan,2015,0.701,5.97236442565918
UZB,Uzbekistan,2016,0.709,5.892539024353027
UZB,Uzbekistan,2017,0.714,6.42144775390625
UZB,Uzbekistan,2018,0.719,6.205460071563721
UZB,Uzbekistan,2019,0.725,6.154049396514893
UZB,Uzbekistan,2020,0.716,5.841929912567139
UZB,Uzbekistan,2021,0.721,6.18530797958374
UZB,Uzbekistan,2022,0.727,6.016238689422607
VEN,"Venezuela, RB",2007,0.747,n/a
VEN,"Venezuela, RB",2008,0.754,6.257771492004395
VEN,"Venezuela, RB",2009,0.754,7.188803195953369
VEN,"Venezuela, RB",2010,0.759,7.47845458984375
VEN,"Venezuela, RB",2011,0.766,6.579789161682129
VEN,"Venezuela, RB",2012,0.769,7.066577434539795
VEN,"Venezuela, RB",2013,0.771,6.552796363830566
VEN,"Venezuela, RB",2014,0.768,6.136096477508545
VEN,"Venezuela, RB",2015,0.766,5.568800449371338
VEN,"Venezuela, RB",2016,0.759,4.041114807128906
VEN,"Venezuela, RB",2017,0.75,5.070750713348389
VEN,"Venezuela, RB",2018,0.738,5.005663394927979
VEN,"Venezuela, RB",2019,0.72,5.080803394317627
VEN,"Venezuela, RB",2020,0.691,4.573829650878906
VEN,"Venezuela, RB",2021,0.69,5.107553005218506
VEN,"Venezuela, RB",2022,0.699,5.948992252349854
VNM,Viet Nam,2007,0.66,5.421687602996826
VNM,Viet Nam,2008,0.665,5.480425357818604
VNM,Viet Nam,2009,0.671,5.304264545440674
VNM,Viet Nam,2010,0.676,5.295780658721924
VNM,Viet Nam,2011,0.681,5.76734447479248
VNM,Viet Nam,2012,0.684,5.53456974029541
VNM,Viet Nam,2013,0.689,5.022698879241943
VNM,Viet Nam,2014,0.693,5.084923267364502
VNM,Viet Nam,2015,0.697,5.076315402984619
VNM,Viet Nam,2016,0.702,5.062267303466797
VNM,Viet Nam,2017,0.706,5.175278663635254
VNM,Viet Nam,2018,0.711,5.295547008514404
VNM,Viet Nam,2019,0.717,5.467451095581055
VNM,Viet Nam,2020,0.726,5.462341785430908
VNM,Viet Nam,2021,0.718,5.540249824523926
VNM,Viet Nam,2022,0.726,6.26650857925415
YEM,"Yemen, Rep.",2007,0.485,4.477132797241211
YEM,"Yemen, Rep.",2008,0.488,n/a
YEM,"Yemen, Rep.",2009,0.493,4.809258937835693
YEM,"Yemen, Rep.",2010,0.496,4.35031270980835
YEM,"Yemen, Rep.",2011,0.495,3.74625563621521
YEM,"Yemen, Rep.",2012,0.497,4.060600757598877
YEM,"Yemen, Rep.",2013,0.496,4.217678546905518
YEM,"Yemen, Rep.",2014,0.485,3.967957973480225
YEM,"Yemen, Rep.",2015,0.455,2.98267388343811
YEM,"Yemen, Rep.",2016,0.443,3.825630903244019
YEM,"Yemen, Rep.",2017,0.432,3.253560066223145
YEM,"Yemen, Rep.",2018,0.427,3.057513952255249
YEM,"Yemen, Rep.",2019,0.43,4.19691276550293
YEM,"Yemen, Rep.",2020,0.43,n/a
YEM,"Yemen, Rep.",2021,0.425,n/a
YEM,"Yemen, Rep.",2022,0.424,3.590378522872925
ZAF,South Africa,2007,0.644,5.20445442199707
ZAF,South Africa,2008,0.653,5.346306800842285
ZAF,South Africa,2009,0.665,5.218430995941162
ZAF,South Africa,2010,0.675,4.65242862701416
ZAF,South Africa,2011,0.686,4.930511474609375
ZAF,South Africa,2012,0.696,5.133887767791748
ZAF,South Africa,2013,0.705,3.660727262496948
ZAF,South Africa,2014,0.714,4.828456401824951
ZAF,South Africa,2015,0.721,4.887325763702393
ZAF,South Africa,2016,0.711,4.769739627838135
ZAF,South Africa,2017,0.725,4.513655185699463
ZAF,South Africa,2018,0.731,4.883922100067139
ZAF,South Africa,2019,0.741,5.034863471984863
ZAF,South Africa,2020,0.722,4.946800708770752
ZAF,South Africa,2021,0.721,5.598653793334961
ZAF,South Africa,2022,0.717,5.581030368804932
ZMB,Zambia,2007,0.495,3.998293161392212
ZMB,Zambia,2008,0.506,4.730263233184814
ZMB,Zambia,2009,0.519,5.260360717773438
ZMB,Zambia,2010,0.528,n/a
ZMB,Zambia,2011,0.534,4.9991135597229
ZMB,Zambia,2012,0.548,5.013374805450439
ZMB,Zambia,2013,0.554,5.243995666503906
ZMB,Zambia,2014,0.557,4.345837116241455
ZMB,Zambia,2015,0.563,4.843164443969727
ZMB,Zambia,2016,0.564,4.347543716430664
ZMB,Zambia,2017,0.568,3.932777404785156
ZMB,Zambia,2018,0.571,4.041488170623779
ZMB,Zambia,2019,0.574,3.306796550750732
ZMB,Zambia,2020,0.569,4.837992191314697
ZMB,Zambia,2021,0.565,3.082154989242554
ZMB,Zambia,2022,0.569,3.728098392486572
ZWE,Zimbabwe,2007,0.423,3.280246734619141
ZWE,Zimbabwe,2008,0.42,3.174263715744019
ZWE,Zimbabwe,2009,0.454,4.055914402008057
ZWE,Zimbabwe,2010,0.481,4.681569576263428
ZWE,Zimbabwe,2011,0.502,4.845641613006592
ZWE,Zimbabwe,2012,0.522,4.955100536346436
ZWE,Zimbabwe,2013,0.532,4.690187931060791
ZWE,Zimbabwe,2014,0.539,4.184450626373291
ZWE,Zimbabwe,2015,0.544,3.70319128036499
ZWE,Zimbabwe,2016,0.547,3.735400199890137
ZWE,Zimbabwe,2017,0.552,3.638300180435181
ZWE,Zimbabwe,2018,0.564,3.616479873657227
ZWE,Zimbabwe,2019,0.56,2.693523168563843
ZWE,Zimbabwe,2020,0.554,3.159802198410034
ZWE,Zimbabwe,2021,0.549,3.15457820892334
ZWE,Zimbabwe,2022,0.55,3.29621958732605
